Ordinal,Nickname,Year,Make,Model,Car Division,Spec,Region,Country
247,Toyota 2000 '69,1969,Toyota,2000GT,Sport Coupe Icons,Factory,Asia,Japan
249,Ferrari 250 GTO,1962,Ferrari,250 GTO,Vintage Le Mans Sportscars,Factory,Europe,Italy
251,MB 300 SL '54,1954,Mercedes-Benz,300 SL Coupé,Sport Coupe Icons,Factory,Europe,Germany
253,Ferrari F355,1994,Ferrari,F355 Berlinetta,Sport GT Icons,Factory,Europe,Italy
255,Ferrari 512 '92,1992,Ferrari,512 TR,Exotic GT Classics,Factory,Europe,Italy
257,Ferrari 575M '02,2002,Ferrari,575M Maranello,Exotic GT Classics,Factory,Europe,Italy
260,P. 911 RS '73,1973,Porsche,911 Carrera RS,Vintage Sport Compact,Factory,Europe,Germany
261,P. 911 GT2 '95,1995,Porsche,911 GT2,Sport GT Icons,Factory,Europe,Germany
262,P. 911 GT3 '04,2004,Porsche,911 GT3,Sport GT Icons,Factory,Europe,Germany
263,P. 911 GT3 '07,2007,Porsche,911 GT3,Sport GT Icons,Factory,Europe,Germany
265,P. 911 Turbo '82,1982,Porsche,911 Turbo 3.3,Sport GT Icons,Factory,Europe,Germany
266,P. 914/6 '70,1970,Porsche,914/6,Vintage Sport Compact,Factory,Europe,Germany
268,P. 944 Turbo '89,1989,Porsche,944 Turbo,Sport Touring Classics,Factory,Europe,Germany
269,P. 959 '87,1987,Porsche,959,Exotic GT Classics,Factory,Europe,Germany
278,Vaux Astra '06,2006,Vauxhall,Astra VXR,Modern Hot Hatch,Factory,Europe,U.K.
286,MB C 32 '04,2004,Mercedes-Benz,C 32 AMG,Sport Touring Classics,Factory,Europe,Germany
287,Chev. Camaro '02,2002,Chevrolet,Camaro 35th Anniversary Super Sport,Sport Touring Classics,Factory,N. America,U.S.
289,Chev. Camaro '69,1969,Chevrolet,Camaro Super Sport Coupe,Vintage Muscle,Factory,N. America,U.S.
291,Vaux Carlton '90,1990,Vauxhall,Lotus Carlton,Sport Touring Classics,Factory,Europe,U.K.
292,P.CarreraGT '03,2003,Porsche,Carrera GT,Exotic GT Classics,Factory,Europe,Germany
295,Toyota Celica 03,2003,Toyota,Celica Sport Specialty II,Early Sport Compact,Factory,Asia,Japan
297,Ferrari 360 CC,2003,Ferrari,360 Challenge Stradale,Sport GT Icons,Factory,Europe,Italy
299,Chev Chevelle 70,1970,Chevrolet,Chevelle Super Sport 454,Street Drag Racers,Factory,N. America,U.S.
302,Honda Civic '04,2004,Honda,Civic Type R,Modern Hot Hatch,Factory,Asia,Japan
306,Shelby Cobra 427,1965,Shelby,Cobra 427 S/C,Vintage Le Mans Sportscars,Factory,N. America,U.S.
309,VW Corrado '95,1995,Volkswagen,Corrado VR6,Hot Hatch Icons,Factory,Europe,Germany
312,Chev. C3 427 '67,1967,Chevrolet,Corvette Stingray 427,Vintage Muscle,Factory,N. America,U.S.
314,Chev. C4 Z06 '02,2002,Chevrolet,Corvette Z06,Sport GT Icons,Factory,N. America,U.S.
315,Chev. ZR-1 '70,1970,Chevrolet,Corvette ZR-1,Vintage Muscle,Factory,N. America,U.S.
316,L. Countach '88,1988,Lamborghini,Countach LP5000 QV,Exotic GT Classics,Factory,Europe,Italy
320,Honda CR-X '91,1991,Honda,CR-X SiR,Hot Hatch Icons,Factory,Asia,Japan
323,Lancia Delta '92,1992,Lancia,Delta HF Integrale EVO,Hot Hatch Icons,Factory,Europe,Italy
324,L. Diablo GTR 99,1999,Lamborghini,Diablo GTR,Early Factory Racecars,Factory,Europe,Italy
325,L. Diablo SV '97,1997,Lamborghini,Diablo SV,Exotic GT Classics,Factory,Europe,Italy
326,Ferrari Dino 246,1969,Ferrari,Dino 246 GT,Vintage Exotic GT,Factory,Europe,Italy
327,Mit. Eclipse '95,1995,Mitsubishi,Eclipse GSX,Early Sport Compact,Factory,Asia,Japan
330,Lotus Elan '71,1971,Lotus,Elan Sprint,Vintage Sport Compact,Factory,Europe,U.K.
333,Ferrari Enzo '02,2002,Ferrari,Enzo Ferrari,Exotic GT Classics,Factory,Europe,Italy
335,Lotus Esprit '02,2002,Lotus,Esprit V8,Sport GT Icons,Factory,Europe,U.K.
336,Jag. E-Type,1961,Jaguar,E-type,Vintage Le Mans Sportscars,Factory,Europe,U.K.
338,McL. F1 GT '97,1997,McLaren,F1 GT,Early Factory Racecars,Factory,Europe,U.K.
340,Ferrari F40 '87,1987,Ferrari,F40,Exotic GT Classics,Factory,Europe,Italy
342,Ferrari F50 '95,1995,Ferrari,F50,Exotic GT Classics,Factory,Europe,Italy
343,Nissan Z 432 '69,1969,Nissan,Fairlady Z 432,Vintage Sport Compact,Factory,Asia,Japan
344,Nissan Z '03,2003,Nissan,Fairlady Z,Early Sport Compact,Factory,Asia,Japan
345,Nissan Z '94,1994,Nissan,Fairlady Z Version S Twin Turbo,Sport GT Icons,Factory,Asia,Japan
348,Ford GT '05,2005,Ford,Ford GT,Modern Sport GT,Factory,N. America,U.S.
349,Mit. FTO '98,1998,Mitsubishi,FTO GP Version R,Early Sport Compact,Factory,Asia,Japan
350,Infiniti G35 '03,2003,Infiniti,G35 Coupe,Sport Touring Classics,Factory,N. America,U.S.
353,VW GTI Mk2 '92,1992,Volkswagen,Golf Gti 16v Mk2,Hot Hatch Icons,Factory,Europe,Germany
354,VW Golf R32 '03,2003,Volkswagen,Golf R32 ,Modern Hot Hatch,Factory,Europe,Germany
357,Mit. GTO '97,1997,Mitsubishi,GTO,Early Sport Compact,Factory,Asia,Japan
358,Ferrari 288 GTO,1984,Ferrari,288 GTO,Sport GT Icons,Factory,Europe,Italy
363,SUBARU 22B '98,1998,SUBARU,Impreza 22B-STi Version,Early Sport Compact,Factory,Asia,Japan
364,SUBARU WRX '04,2004,SUBARU,IMPREZA WRX STI,Early Sport Compact,Factory,Asia,Japan
365,SUBARU WRX '05,2005,SUBARU,IMPREZA WRX STi,Modern Sport Compact,Factory,Asia,Japan
368,Acura ITR '01,2001,Acura,Integra Type R,Early Sport Compact,Factory,N. America,U.S.
374,Mit. Evo IX '06,2006,Mitsubishi,Lancer Evolution IX MR,Modern Sport Compact,Factory,Asia,Japan
375,Mit. Evo VI '99,1999,Mitsubishi,Lancer Evolution VI GSR,Early Sport Compact,Factory,Asia,Japan
378,Mit. Evo VIII 04,2004,Mitsubishi,Lancer Evolution VIII MR,Early Sport Compact,Factory,Asia,Japan
382,BMW M3 '97,1997,BMW,M3,Sport Touring Classics,Factory,Europe,Germany
383,BMW M3 '05,2005,BMW,M3,Sport Touring Classics,Factory,Europe,Germany
391,Mas. MC12 '04,2004,Maserati,MC12,Exotic GT Classics,Factory,Europe,Italy
397,Vauxhall Monaro,2005,Vauxhall,Monaro VXR,Modern Muscle,Factory,Europe,U.K.
398,Toyota MR2 '95,1995,Toyota,MR2 GT,Early Sport Compact,Factory,Asia,Japan
405,Ford Cobra R '00,2000,Ford,SVT Cobra R,Sport Touring Classics,Factory,N. America,U.S.
411,Honda NSX-R '05,2005,Honda,NSX-R,Sport GT Icons,Factory,Asia,Japan
412,Honda NSX-R '92,1992,Honda,NSX-R,Sport GT Icons,Factory,Asia,Japan
417,Buick GSX '70,1970,Buick,GSX,Street Drag Racers,Factory,N. America,U.S.
419,Audi RS 4 '06,2006,Audi,RS 4,Sport Touring Classics,Factory,Europe,Germany
420,Audi RS 6 '03,2003,Audi,RS 6,Sport Touring Classics,Factory,Europe,Germany
422,Acura RSX,2002,Acura,RSX Type-S,Retro Hot Hatch,Factory,N. America,U.S.
423,Mazda RX-7 '90,1990,Mazda,Savanna RX-7,Early Sport Compact,Factory,Asia,Japan
424,Mazda RX-7 '97,1997,Mazda,RX-7,Early Sport Compact,Factory,Asia,Japan
425,Mazda RX-7 '02,2002,Mazda,RX-7 Spirit R Type-A,Early Sport Compact,Factory,Asia,Japan
428,Audi S4 '04,2004,Audi,S4,Sport Touring Classics,Factory,Europe,Germany
432,Saleen S7 '04,2004,Saleen,S7,Exotic GT Classics,Factory,N. America,U.S.
433,TVR Sagaris,2005,TVR,Sagaris,Retro Sports Cars,Factory,Europe,U.K.
439,Nissan Silvia 92,1992,Nissan,Silvia CLUB K's,Early Sport Compact,Factory,Asia,Japan
440,Nissan Silvia 94,1994,Nissan,Silvia K's,Early Sport Compact,Factory,Asia,Japan
441,Nissan Silvia 0,2000,Nissan,Silvia Spec-R,Early Sport Compact,Factory,Asia,Japan
444,Nissan GT-R '93,1993,Nissan,Skyline GT-R V-Spec,Sport GT Icons,Factory,Asia,Japan
445,Nissan GT-R '02,2002,Nissan,Skyline GT-R V-Spec II,Sport GT Icons,Factory,Asia,Japan
453,Ren. Clio '03,2003,Renault,Sport Clio V6,Modern Hot Hatch,Factory,Europe,France
455,Toyota AE86 '85,1985,Toyota,Sprinter Trueno GT Apex,Hot Hatch Icons,Factory,Asia,Japan
457,Dodge Stealth 96,1996,Dodge,Stealth R/T Turbo,Early Sport Compact,Factory,N. America,U.S.
460,Toyota Supra '92,1992,Toyota,Supra 2.0 GT,Early Sport Compact,Factory,Asia,Japan
461,Toyota Supra '98,1998,Toyota,Supra RZ,Sport GT Icons,Factory,Asia,Japan
462,Eagle Talon,1998,Eagle,Talon TSi Turbo,Early Sport Compact,Factory,N. America,U.S.
479,AM Vanquish '01,2001,Aston Martin,V12 Vanquish,Exotic GT Classics,Factory,Europe,U.K.
483,Dodge Viper '99,1999,Dodge,Viper GTS ACR,Sport GT Icons,Factory,N. America,U.S.
489,Jag. XJ220 '93,1993,Jaguar,XJ220,Exotic GT Classics,Factory,Europe,U.K.
498,Bentley #7 Spd 8,2003,Bentley,#7 Team Bentley Speed 8,Early LMP,Race,Europe,U.K.
505,BMW #15 V12 LMR,1999,BMW,#15 BMW Motorsport V12 LMR,Early LMP,Race,Europe,Germany
513,Dodge Charger 69,1969,Dodge,Charger R/T,Vintage Muscle,Factory,N. America,U.S.
524,Ferrari #12 F333,1998,Ferrari,#12 Risi Competizione F333 SP,Early LMP,Race,Europe,Italy
540,Porsche #17 962C,1987,Porsche,#17 Porsche AG 962c,GTP/C,Race,Europe,Germany
550,Peugeot #3 905C,1993,Peugeot,#3 Peugeot Talbot Sport 905 EVO 1C,GTP/C,Race,Europe,France
555,Toyota #3 TS020,1999,Toyota,#3 Toyota Motorsports GT-ONE TS020,Early LMP,Race,Asia,Japan
565,BMW M3 '02,2002,BMW,M3-GTR,Sport Touring Classics,Factory,Europe,Germany
567,Nissan R390 '98,1998,Nissan,R390 (GT1),Exotic GT Classics,Factory,Asia,Japan
568,MB CLK GTR '98,1998,Mercedes-Benz,AMG CLK GTR,Early Factory Racecars,Factory,Europe,Germany
633,Audi quattro '84,1984,Audi,Sport quattro,Sport Touring Classics,Factory,Europe,Germany
634,Ren. 5 Turbo '80,1980,Renault,5 Turbo,Hot Hatch Icons,Factory,Europe,France
637,L. Miura '67,1967,Lamborghini,Miura P400,Vintage Exotic GT,Factory,Europe,Italy
639,D. Challenger 70,1970,Dodge,Challenger R/T,Street Drag Racers,Factory,N. America,U.S.
641,P. 911 GT1 '97,1997,Porsche,911 GT1 Strassenversion,Early Factory Racecars,Factory,Europe,Germany
642,BMW M3 '91,1991,BMW,M3,Sport Touring Classics,Factory,Europe,Germany
1005,Pontiac T/A '73,1973,Pontiac,Firebird Trans Am SD-455,Vintage Muscle,Factory,N. America,U.S.
1009,Mit. Evo X '08,2008,Mitsubishi,Lancer Evolution X GSR,Modern Sport Compact,Factory,Asia,Japan
1011,BMW M3 '08,2008,BMW,M3,Modern Sport Touring,Factory,Europe,Germany
1020,Ferrari F50 GT,1996,Ferrari,F50 GT,Early Factory Racecars,Race,Europe,Italy
1022,Ferrari 430 S,2007,Ferrari,430 Scuderia,Modern Sport GT,Factory,Europe,Italy
1023,Ferrari F40 Comp,1989,Ferrari,F40 Competizione,Early Factory Racecars,Race,Europe,Italy
1032,Alfa Romeo 8C,2007,Alfa Romeo,8C Competizione,GT Cars,Factory,Europe,Italy
1033,Chev. Camaro '90,1990,Chevrolet,Camaro IROC-Z,Sport Touring Classics,Factory,N. America,U.S.
1034,Toyota Celica 94,1994,Toyota,Celica GT-Four ST205,Early Sport Compact,Factory,Asia,Japan
1040,BMW M1 '81,1981,BMW,M1,Sport GT Icons,Factory,Europe,Germany
1041,Ford Cobra R '93,1993,Ford,SVT Cobra R,Sport Touring Classics,Factory,N. America,U.S.
1042,Nissan GT-R '71,1971,Nissan,Skyline 2000GT-R,Vintage Sport Compact,Factory,Asia,Japan
1043,Nissan GT-R '97,1997,Nissan,Skyline GT-R V-Spec,Sport GT Icons,Factory,Asia,Japan
1045,Pontiac T/A '87,1987,Pontiac,Firebird Trans Am GTA,Sport Touring Classics,Factory,N. America,U.S.
1046,Dodge Viper '08,2008,Dodge,Viper SRT10 ACR,Modern Sport GT,Factory,N. America,U.S.
1059,BMW Z4 '08,2008,BMW,Z4 M Coupe,Modern Sports Cars,Factory,Europe,Germany
1060,SUBARU WRX '08,2008,SUBARU,IMPREZA WRX STI,Modern Sport Compact,Factory,Asia,Japan
1063,Charger Daytona,1969,Dodge,Charger Daytona HEMI,Vintage Muscle,Factory,N. America,U.S.
1064,Chevy Camaro '79,1979,Chevrolet,Camaro Z28,Classic Muscle,Factory,N. America,U.S.
1065,Pontiac T/A '02,2002,Pontiac,Firebird Trans Am Ram Air,Sport Touring Classics,Factory,N. America,U.S.
1069,Chev. C6 ZR1 '09,2009,Chevrolet,Corvette ZR1,Modern Sport GT,Factory,N. America,U.S.
1081,AM DBS '08,2008,Aston Martin,DBS,Modern Sport GT,Factory,Europe,U.K.
1086,Ford Focus '09,2009,Ford,Focus RS,Modern Hot Hatch,Factory,N. America,U.S.
1090,MB SL 65 '09,2009,Mercedes-Benz,SL 65 AMG Black Series,Modern Sport GT,Factory,Europe,Germany
1093,Corvette '60,1960,Chevrolet,Corvette,Classic Sports Cars,Factory,N. America,U.S.
1104,Datsun 510 '70,1970,Datsun,510,Vintage Sport Compact,Factory,Asia,Japan
1105,AM DB5 '64,1964,Aston Martin,DB5,Sport Coupe Icons,Factory,Europe,U.K.
1110,Mazda MX-5 '94,1994,Mazda,MX-5 Miata,Early Sport Compact,Factory,Asia,Japan
1117,,2010,Audi,R8 Coupé 5.2 FSI Quattro,Modern Sport GT,Factory,Europe,Germany
1124,Abarth 131,1980,Abarth,Fiat 131,Classic Rally,Factory,Europe,Italy
1125,Lambo Revénton,2008,Lamborghini,Revénton,Modern Exotic GT,Factory,Europe,Italy
1126,,2009,BMW,M5,Modern Sport Touring,Factory,Europe,Germany
1130,McLaren 12C,2011,McLaren,12C Coupe,Modern Super Cars,Factory,Europe,U.K.
1131,Ferrari 458,2009,Ferrari,458 Italia,Modern Sport GT,Factory,Europe,Italy
1150,AR GTA '65,1965,Alfa Romeo,Giulia Sprint GTA Stradale,Vintage Sport Compact,Factory,Europe,Italy
1154,Ferrari 250 TR,1957,Ferrari,250 Testa Rossa,Vintage Le Mans Sportscars,Factory,Europe,Italy
1155,Shelby Daytona,1965,Shelby,Cobra Daytona Coupe,Vintage Le Mans Sportscars,Factory,N. America,U.S.
1171,Ferrari 599XX,2010,Ferrari,599XX,Modern Factory Racecars,Race,Europe,Italy
1173,Lambo Murcielago,2010,Lamborghini,Murciélago LP 670-4 SV,Modern Exotic GT,Factory,Europe,Italy
1181,AM One-77,2010,Aston Martin,One-77,Super GT,Factory,Europe,U.K.
1184,Audi RS 6 '09,2009,Audi,RS 6,Super Saloons,Factory,Europe,Germany
1202,MB SLS AMG '11,2011,Mercedes-Benz,SLS AMG,Modern Sport GT,Factory,Europe,Germany
1216,Audi RS 3 '11,2011,Audi,RS 3 Sportback,Modern Hot Hatch,Factory,Europe,Germany
1217,BMW M6 '10,2010,BMW,M6 Coupé,Sport Luxury,Factory,Europe,Germany
1219,Bugatti EB110 92,1992,Bugatti,EB110 Super Sport,Exotic GT Classics,Factory,Europe,France
1220,Audi TT RS,2010,Audi,TT RS Coupe,Modern Sports Cars,Factory,Europe,Germany
1229,,2008,Mazda,Furai,Modern Factory Racecars,Factory,Asia,Japan
1231,VW Golf '10,2010,Volkswagen,Golf R,Super Hot Hatch,Factory,Europe,Germany
1260,Lexus LFA '10,2010,Lexus,LFA,Modern Sport GT,Factory,N. America,U.S.
1267,AMC Javelin '71,1971,AMC,Javelin AMX,Vintage Muscle,Factory,N. America,U.S.
1268,BMW Z3 '02,2002,BMW,Z3 M Coupé,Early Sport Compact,Factory,Europe,Germany
1269,BMW 2002 '73,1973,BMW,2002 Turbo,Vintage Sport Compact,Factory,Europe,Germany
1272,Ford Escort '92,1992,Ford,Escort RS Cosworth,Hot Hatch Icons,Factory,N. America,U.S.
1273,Honda Civic '97,1997,Honda,Civic Type R,Hot Hatch Icons,Factory,Asia,Japan
1277,Plymouth Cuda 71,1971,Plymouth,Cuda 426 HEMI,Vintage Muscle,Factory,N. America,U.S.
1278,Ford Falcon '73,1973,Ford,XB Falcon GT,Vintage Muscle,Factory,N. America,U.S.
1280,Mercury Cougar,1970,Mercury,Cougar Eliminator,Vintage Muscle,Factory,N. America,U.S.
1281,P. 550 S '55,1955,Porsche,550 Spyder,Sport Coupe Icons,Factory,Europe,Germany
1282,Nissan 240SX '93,1993,Nissan,240SX SE,Early Sport Compact,Factory,Asia,Japan
1290,,1986,BMW,M635 CSi,Sport Touring Classics,Factory,Europe,Germany
1291,Chevy El Camino,1970,Chevrolet,El Camino Super Sport 454,Vans & Utility,Factory,N. America,U.S.
1292,Dodge Shelby '86,1986,Dodge,Shelby Omni GLHS,Hot Hatch Icons,Factory,N. America,U.S.
1293,Ford Sierra '87,1987,Ford,Sierra Cosworth RS500,Sport Touring Classics,Factory,N. America,U.S.
1296,MB 190E '90,1990,Mercedes-Benz,190E 2.5-16 Evolution II,Sport Touring Classics,Factory,Europe,Germany
1299,Volvo 242 Turbo,1983,Volvo,242 Turbo Evolution,Classic Rally,Factory,Europe,Sweden
1300,Chevy Impala,1964,Chevrolet,Impala Super Sport 409,Rods and Customs,Factory,N. America,U.S.
1301,Jag. D-Type,1956,Jaguar,D-Type,Vintage Le Mans Sportscars,Race,Europe,U.K.
1302,Ford Escort '77,1977,Ford,Escort RS1800,Vintage Sport Compact,Factory,N. America,U.S.
1306,Dodge SRT-4 '05,2005,Dodge,SRT-4 ACR,Early Sport Compact,Factory,N. America,U.S.
1309,Pontiac GTO '69,1969,Pontiac,GTO Judge,Street Drag Racers,Factory,N. America,U.S.
1314,McL. F1 '93,1993,McLaren,F1,Exotic GT Classics,Factory,Europe,U.K.
1317,Chev. #55 09,2010,Chevrolet,#55 Level 5 Motorsports Oreca FLM09,Forza P2,Race,N. America,U.S.
1322,L. Gallardo '11,2011,Lamborghini,Gallardo LP 570-4 Superleggera,Modern Sport GT,Factory,Europe,Italy
1323,SUBARU WRX '11,2011,SUBARU,WRX STI ,Modern Sport Compact,Factory,Asia,Japan
1325,AR Giulietta 11,2011,Alfa Romeo,Giulietta Quadrifoglio Verde,Modern Hot Hatch,Factory,Europe,Italy
1328,Bugatti Veyron,2011,Bugatti,Veyron Super Sport,Modern Hypercars,Factory,Europe,France
1329,Buick GNX '87,1987,Buick,Regal GNX,Sport Touring Classics,Factory,N. America,U.S.
1330,Chev. Camaro '70,1970,Chevrolet,Camaro Z28,Vintage Muscle,Factory,N. America,U.S.
1331,Plymouth GTX '71,1971,Plymouth,GTX 426 HEMI,Street Drag Racers,Factory,N. America,U.S.
1335,Mazda #55 787B,1991,Mazda,#55 Mazda 787B,GTP/C,Race,Asia,Japan
1336,Olds 442 '69,1969,Oldsmobile,Hurst/Olds 442,Street Drag Racers,Factory,N. America,U.S.
1337,Pontiac T/A '69,1969,Pontiac,Firebird Trans Am,Vintage Muscle,Factory,N. America,U.S.
1348,Peugeot 308 '11,2011,Peugeot,308 GTI,Modern Hot Hatch,Factory,Europe,France
1350,BMW X5 M,2011,BMW,X5 M,Sports Utility Heroes,Factory,Europe,Germany
1352,Dodge Coronet 70,1970,Dodge,Coronet Super Bee,Street Drag Racers,Factory,N. America,U.S.
1354,Chevy Nova '66,1966,Chevrolet,Nova Super Sport,Classic Muscle,Factory,N. America,U.S.
1355,Ford Mustang '65,1965,Ford,Mustang GT Coupe,Vintage Muscle,Factory,N. America,U.S.
1367,,2003,BMW,M5,Sport Touring Classics,Factory,Europe,Germany
1368,BMW M5 '88,1988,BMW,M5,Sport Touring Classics,Factory,Europe,Germany
1369,Pagani Zonda C,2009,Pagani,Zonda Cinque Roadster,Modern Hypercars,Factory,Europe,Italy
1370,Audi RS2 '95,1995,Audi,Avant RS 2,Sport Touring Classics,Factory,Europe,Germany
1372,Bentley 8 Litre,1930,Bentley,8 Litre,Rare Classics,Factory,Europe,U.K.
1379,Chevy Impala '96,1996,Chevrolet,Impala Super Sport,Retro Muscle,Factory,N. America,U.S.
1380,VW Scirocco '81,1981,Volkswagen,Scirocco S,Hot Hatch Icons,Factory,Europe,Germany
1381,Mit. Galant '92,1992,Mitsubishi,Galant VR-4,Early Sport Compact,Factory,Asia,Japan
1382,SUBARU LEGACY 90,1990,SUBARU,LEGACY RS,Early Sport Compact,Factory,Asia,Japan
1383,VW GTI Mk3 '98,1998,Volkswagen,Gti VR6 Mk3,Hot Hatch Icons,Factory,Europe,Germany
1385,BMW 1M,2011,BMW,1 Series M Coupé,Modern Sport Coupe,Factory,Europe,Germany
1386,AM DBR1,1958,Aston Martin,DBR1,Vintage Le Mans Sportscars,Factory,Europe,U.K.
1387,Volvo 850 R '97,1997,Volvo,850 R,Sport Touring Classics,Factory,Europe,Sweden
1388,BMW M5 '12,2012,BMW,M5,Modern Sport Touring,Factory,Europe,Germany
1392,Lambo Sesto,2011,Lamborghini,Sesto Elemento,Modern Sport GT,Race,Europe,Italy
1393,Alfa Romeo 155,1992,Alfa Romeo,155 Q4 ,Retro Saloons,Factory,Europe,Italy
1395,Toyota MR2 '89,1989,Toyota,MR2 SC,Early Sport Compact,Factory,Asia,Japan
1396,HSV GTS,2011,HSV,GTS,Modern Sport Touring,Factory,Europe,Australia
1403,Mazda #16 B09/86,2010,Mazda,#16 Mazda Racing B09/86,Forza P2,Race,Asia,Japan
1417,Audi RS 5,2011,Audi,RS 5 Coupe,Super Saloons,Factory,Europe,Germany
1418,BMW M5 '95,1995,BMW,M5,Retro Saloons,Factory,Europe,Germany
1426,Mazda RX-8 '11,2011,Mazda,RX-8 R3,Modern Sport Compact,Factory,Asia,Japan
1427,Pagani Huayra,2012,Pagani,Huayra,Hypercars,Factory,Europe,Italy
1428,VW Scirocco '11,2011,Volkswagen,Scirocco R,Hot Hatch,Factory,Europe,Germany
1429,Chev. Nova '69,1969,Chevrolet,Nova Super Sport 396,Street Drag Racers,Factory,N. America,U.S.
1435,VW Beetle,1963,Volkswagen,Beetle,Cult Cars,Factory,Europe,Germany
1440,#62 F458 GTC,2011,Ferrari,#62 Risi Competizione F458 Italia GTC,Forza GT3,Race,Europe,Italy
1451,Ascari KZ1R,2012,Ascari,KZ1R,Modern Supercars,Race,Europe,U.K.
1457,McLaren #4 M8B,1969,McLaren,#4 McLaren Cars M8B,Prototype Group Racing,Race,Europe,U.K.
1459,Chevy Bel Air,1957,Chevrolet,Bel Air,Rods and Customs,Factory,N. America,U.S.
1462,Mas. 300 S,1957,Maserati,300 S,Vintage Le Mans Sportscars,Factory,Europe,Italy
1478,#2 Audi S1,1986,Audi,#2 Audi Sport quattro S1,Rally Monsters,Race,Europe,Germany
1480,Mazda RX-7 '85,1985,Mazda,RX-7 GSL-SE,Early Sport Compact,Factory,Asia,Japan
1481,Austin 3000 '65,1965,Austin-Healey,3000 MkIII,Sport Coupe Icons,Factory,Europe,U.K.
1482,AMC Gremlin,1973,AMC,Gremlin X,Cult Cars,Factory,N. America,U.S.
1486,Ford Cortina '66,1966,Ford,Lotus Cortina,Vintage Sport Compact,Factory,N. America,U.S.
1487,MG MGA '58,1958,MG,MGA Twin-Cam,Sport Coupe Icons,Factory,Europe,U.K.
1490,Vaux Astra '12,2012,Vauxhall,Astra VXR,Modern Hot Hatch,Factory,Europe,U.K.
1493,BMW 850CSi '95,1995,BMW,850CSi,Sport GT Icons,Factory,Europe,Germany
1500,MB C 63 '12,2012,Mercedes-Benz,C 63 AMG Coupé Black Series,Modern Sport Touring,Factory,Europe,Germany
1510,Ford Cobra R '95,1995,Ford,SVT Cobra R,Sport Touring Classics,Factory,N. America,U.S.
1511,Holden Monaro 68,1968,Holden,Monaro GTS 327,Street Drag Racers,Factory,Asia,Australia
1513,Mas. Ghibli '97,1997,Maserati,Ghibli Cup,Sport Touring Classics,Factory,Europe,Italy
1514,Mazda RX-3 '73,1973,Mazda,RX-3,Vintage Sport Compact,Factory,Asia,Japan
1517,Toyota Celica 92,1992,Toyota,Celica GT-Four RC ST185,Early Sport Compact,Factory,Asia,Japan
1519,AM Vantage '98,1998,Aston Martin,V8 Vantage V600,Sport GT Icons,Factory,Europe,U.K.
1524,Mas. Tipo 61,1961,Maserati,Tipo 61 Birdcage,Vintage Le Mans Sportscars,Race,Europe,Italy
1525,MB SLK 55 '12,2012,Mercedes-Benz,SLK 55 AMG,Modern Sport Coupe,Factory,Europe,Germany
1533,Holden Torana 77,1977,Holden,Torana A9X,Vintage Sport Compact,Factory,Asia,Australia
1535,Lexus GS350 '13,2013,Lexus,GS350 F Sport,Sport Luxury,Factory,N. America,U.S.
1536,Renault A110,1973,Alpine,A110 1600s,Classic Rally,Factory,Europe,France
1537,Toyota Corolla74,1974,Toyota,Corolla SR5,Vintage Sport Compact,Factory,Asia,Japan
1539,P. 911 GT2 RS 12,2012,Porsche,911 GT2 RS,Modern Sport GT,Factory,Europe,Germany
1549,Alfa Romeo 33S,1968,Alfa Romeo,33 Stradale,Classic Racers,Factory,Europe,Italy
1550,AM DB4 GT,1960,Aston Martin,DB4 GT Zagato,Vintage Le Mans Sportscars,Factory,Europe,U.K.
1551,AM #18 AMR1,1989,Aston Martin,#18 Aston Martin AMR1,GTP/C,Race,Europe,U.K.
1553,Chaparral #66 2E,1966,Chaparral,#66 Chaparral Cars 2E,Prototype Group Racing,Race,N. America,U.S.
1559,MB 300 SLR,1955,Mercedes-Benz,300 SLR,Vintage Le Mans Sportscars,Factory,Europe,Germany
1560,MB #63 C9,1989,Mercedes-Benz,#63 Sauber-Mercedes C 9,GTP/C,Race,Europe,Germany
1562,SRT Viper '13,2013,SRT,Viper GTS,Modern Sport GT,Factory,N. America,U.S.
1564,Corvette '53,1953,Chevrolet,Corvette,Classic Sports Cars,Factory,N. America,U.S.
1572,AMC Rebel '70,1970,AMC,"Rebel ""The Machine""",Street Drag Racers,Factory,N. America,U.S.
1573,Audi #4 90 GTO,1989,Audi,#4 Audi 90 quattro IMSA GTO,GTX Sportscars,Race,Europe,Germany
1574,Sprite MKI,1958,Austin-Healey,Sprite MkI,Classic Sports Cars,Factory,Europe,U.K.
1575,Chev. MC '88,1988,Chevrolet,Monte Carlo Super Sport,Sport Touring Classics,Factory,N. America,U.S.
1578,Ferrari 250 GT,1962,Ferrari,250 GT Berlinetta Lusso,Sport Coupe Icons,Factory,Europe,Italy
1580,Ford Escort '73,1973,Ford,Escort RS1600,Vintage Sport Compact,Factory,N. America,U.S.
1583,L. Aventador '12,2012,Lamborghini,Aventador J,Modern Exotic GT,Factory,Europe,Italy
1587,Mazda Cosmo '72,1972,Mazda,Cosmo 110S Series II,Sport Coupe Icons,Factory,Asia,Japan
1589,MG MGB '66,1966,MG,MGB GT,Vintage Sport Compact,Factory,Europe,U.K.
1591,Peugeot 205 '84,1984,Peugeot,205 Turbo 16,Hot Hatch Icons,Factory,Europe,France
1592,Toyota Celica 74,1974,Toyota,Celica GT,Vintage Sport Compact,Factory,Asia,Japan
1598,BMW M3 '10,2010,BMW,M3 GTS,Modern Sport Touring,Factory,Europe,Germany
1599,Ferrari 599XX E,2012,Ferrari,599XX Evolution,Modern Factory Racecars,Race,Europe,Italy
1607,Audi RS 4 '13,2013,Audi,RS 4 Avant,Modern Sport Touring,Factory,Europe,Germany
1612,VW Scirocco '88,1988,Volkswagen,Scirocco 16v,Hot Hatch Icons,Factory,Europe,Germany
1615,FIAT Dino,1969,FIAT,Dino 2.4 Coupe,Classic Sports Cars,Factory,Europe,Italy
1619,M-B 280 SL,1967,Mercedes-Benz,280 SL,Rare Classics,Factory,Europe,Germany
1620,D. Challenger 12,2012,Dodge,Challenger SRT8,Modern Sport Touring,Factory,N. America,U.S.
1651,Ariel Atom '13,2013,Ariel,Atom 500 V8,Track Toys,Factory,Europe,U.K.
1652,Caterham '13,2013,Caterham,Superlight R500,Track Toys,Factory,Europe,U.K.
1653,KTM X-Bow R '13,2013,KTM,X-Bow R,Track Toys,Factory,Europe,Austria
1654,Ford Mustang '13,2013,Ford,Shelby GT500,Modern Sport Touring,Factory,N. America,U.S.
1655,SUBARU BRZ '13,2013,SUBARU,BRZ,Modern Sport Compact,Factory,Asia,Japan
1658,MB A 45 '13,2013,Mercedes-Benz,A 45 AMG,Modern Hot Hatch,Factory,Europe,Germany
1662,MINI Cooper '65,1965,MINI,Cooper S,Vintage Sport Compact,Factory,Europe,U.K.
1663,Infiniti IPL '12,2012,Infiniti,IPL G Coupe,Modern Sport Touring,Factory,N. America,U.S.
1665,Citroen DS 3 '11,2011,Citroën,DS 3 Racing,Modern Hot Hatch,Factory,Europe,France
1667,McL. P1 '13,2013,McLaren,P1,Modern Exotic GT,Factory,Europe,U.K.
1668,Ford Mustang '69,1969,Ford,Mustang Boss 302,Vintage Muscle,Factory,N. America,U.S.
1670,#12 McLaren MP4,1988,McLaren,#12 Honda McLaren MP4/4,Grand Prix Rivals,Race,Europe,U.K.
1671,McLaren M2B,1966,McLaren,M2B,Formula 60s,Race,Europe,U.K.
1672,#11 McLaren M23,1976,McLaren,#11 Team McLaren M23,Formula 70s,Race,Europe,U.K.
2003,MINI JCW GP '12,2012,MINI,John Cooper Works GP,Modern Hot Hatch,Factory,Europe,U.K.
2004,Mazda MX-5 '13,2013,Mazda,MX-5,Modern Sport Compact,Factory,Asia,Japan
2005,Honda S2000 '09,2009,Honda,S2000 CR,Modern Sport Compact,Factory,Asia,Japan
2006,Chev. C4 ZR1 '95,1995,Chevrolet,Corvette ZR-1,Sport GT Icons,Factory,N. America,U.S.
2007,Toyota GT86,2013,Toyota,86,Modern Sports Cars,Factory,Asia,Japan
2009,Audi RS 7,2013,Audi,RS 7 Sportback,Sport Luxury,Factory,Europe,Germany
2010,Audi R8 '13,2013,Audi,R8 Coupé V10 plus 5.2 FSI quattro,Modern Sport GT,Factory,Europe,Germany
2015,Ferrari #1 312,1976,Ferrari,#1 Scuderia Ferrari 312 T2,Formula 70s,Race,Europe,Italy
2017,Abarth 595 '68,1968,Abarth,595 esseesse,Cult Cars,Factory,Europe,Italy
2018,BMW M6 '13,2013,BMW,M6 Coupé,Sport Luxury,Factory,Europe,Germany
2019,Ford Focus '03,2003,Ford,Focus RS,Modern Hot Hatch,Factory,N. America,U.S.
2024,Lotus Type 49,1967,Lotus,Type 49,Formula 60s,Race,Europe,U.K.
2033,Brabham BT24,1967,Brabham,BT24,Formula 60s,Race,Europe,U.K.
2034,LaFerrari '13,2013,Ferrari,LaFerrari,Modern Exotic GT,Factory,Europe,Italy
2038,Alfa Romeo 4C,2014,Alfa Romeo,4C,Modern Sport Coupe,Factory,Europe,Italy
2040,BAC Mono '14,2014,BAC,Mono,Track Toys,Factory,Europe,U.K.
2042,L. Veneno '13,2013,Lamborghini,Veneno,Modern Hypercars,Factory,Europe,Italy
2049,Willys Jeep,1945,Willys,MB Jeep,Pickups & 4x4s,Factory,N. America,U.S.
2051,Mas. Ghibli '14,2014,Maserati,Ghibli S Q4,Sport Luxury,Factory,Europe,Italy
2066,Bugatti Type 35,1926,Bugatti,Type 35 C,The Birth of Grand Prix,Race,Europe,France
2068,Mas. 8CTF,1939,Maserati,8CTF,The Birth of Grand Prix,Race,Europe,Italy
2069,MB W154,1939,Mercedes-Benz,W154,The Birth of Grand Prix,Race,Europe,Germany
2083,Formula Mazda 15,2015,Mazda,Formula Mazda,Formula Mazda Spec,Race,Asia,Japan
2096,AutoUnion Type D,1939,Auto Union,Type D,The Birth of Grand Prix,Race,Europe,Germany
2097,Lexus IS 350 '14,2014,Lexus,IS 350 F Sport,Modern Sport Touring,Factory,N. America,U.S.
2103,BMW #6 M1 Procar,1979,BMW,#6 BMW Motorsport M1 Procar,GTX Sportscars,Race,Europe,Germany
2104,Dodge Dart '13,2013,Dodge,Dart GT,Modern Sport Compact,Factory,N. America,U.S.
2105,Donkervoort GTO,2013,Donkervoort,D8 GTO,Track Toys,Factory,Europe,Netherlands
2112,BMW #25 3.0 CSL,1975,BMW,#25 BMW Motorsport 3.0 CSL,GTX Sportscars,Race,Europe,Germany
2118,#10 VF Commodore,2013,Holden,#10 Holden Xbox Racing Team Commodore VF,Forza Specials,Race,Europe,Australia
2125,Ford #2 Capri,1981,Ford,#2 Zakspeed Racing Capri Turbo,GTX Sportscars,Race,N. America,U.S.
2126,Ferrari #1 641,1990,Ferrari,#1 Scuderia Ferrari 641,Grand Prix Rivals,Race,Europe,Italy
2128,Caddy Limo,2013,Cadillac,XTS Limousine,Super Saloons,Factory,N. America,U.S.
2131,Holden GEN-F '14,2014,HSV,GEN-F GTS,Modern Sport Touring,Factory,Asia,Australia
2133,BMW i8 '15,2015,BMW,i8,Sport Luxury,Factory,Europe,Germany
2140,Subaru BRAT,1980,Subaru,BRAT GL,Vans & Utility,Factory,Asia,Japan
2142,VW Golf R '14,2014,Volkswagen,Golf R,Modern Hot Hatch,Factory,Europe,Germany
2149,Ren. Clio '93,1993,Renault,Clio Williams,Hot Hatch Icons,Factory,Europe,France
2151,VW Type 2,1963,Volkswagen,Type 2 De Luxe,Cult Cars,Factory,Europe,Germany
2154,BMW M4 '14,2014,BMW,M4 Coupé,Modern Sport Touring,Factory,Europe,Germany
2158,Ford Fiesta '81,1981,Ford,Fiesta XR2,Hot Hatch Icons,Factory,N. America,U.S.
2160,Opel Kadett '79,1979,Opel,Kadett C GT/E,Vintage Sport Compact,Factory,Europe,Germany
2161,Alfa Romeo TZ2,1965,Alfa Romeo,Giulia TZ2,Classic Racers,Race,Europe,Italy
2162,Jag. F-Type R 15,2015,Jaguar,F-TYPE R Coupé,Modern Sport Coupe,Factory,Europe,U.K.
2164,Lambo Huracán,2014,Lamborghini,Huracán LP 610-4,Modern Sport GT,Factory,Europe,Italy
2165,Lotus Evora '11,2011,Lotus,Evora S,Modern Sport Coupe,Factory,Europe,U.K.
2166,Infiniti Q50 '14,2014,Infiniti,Q50 Eau Rouge,Sport Luxury,Factory,N. America,U.S.
2168,SUBARU WRX '15,2015,SUBARU,WRX STI,Modern Sport Compact,Factory,Asia,Japan
2175,Lexus RC F '15,2015,Lexus,RC F,Modern Sport Coupe,Factory,N. America,U.S.
2177,Chev. C6 Z06 '15,2015,Chevrolet,Corvette Z06,Modern Sport GT,Factory,N. America,U.S.
2178,Audi RS 4 '01,2001,Audi,RS 4 Avant,Sport Touring Classics,Factory,Europe,Germany
2179,Audi S1 '15,2015,Audi,S1,Modern Hot Hatch,Factory,Europe,Germany
2180,Audi RS 6 '15,2015,Audi,RS 6 Avant,Sport Luxury,Factory,Europe,Germany
2181,AM Vantage '13,2013,Aston Martin,V12 Vantage S,Modern Sport GT,Factory,Europe,U.K.
2182,Audi TTS,2015,Audi,TTS Coupe,Modern Sports Cars,Factory,Europe,Germany
2183,Chevy Camaro '15,2015,Chevrolet,Camaro Z/28,Track Toys,Factory,N. America,U.S.
2184,Ferrari 458 S,2013,Ferrari,458 Speciale,Modern Sport GT,Factory,Europe,Italy
2185,Jag. XRF-S '15,2015,Jaguar,XFR-S,Sport Luxury,Factory,Europe,U.K.
2186,Ferrari 500 M,1953,Ferrari,500 Mondial,Vintage Le Mans Sportscars,Race,Europe,Italy
2188,Koenigsegg One,2015,Koenigsegg,One:1,Modern Hypercars,Factory,Europe,Sweden
2189,McLaren 650S,2015,McLaren,650S Coupe,Modern Sport GT,Factory,Europe,U.K.
2193,BMW 323ti '00,2000,BMW,323ti Sport,Early Sport Compact,Factory,Europe,Germany
2194,Ferrari Cali T,2014,Ferrari,California T,Modern Sport GT,Factory,Europe,Italy
2203,Holden VL '88,1988,Holden,VL Commodore Group A SV,Sport Touring Classics,Factory,Asia,Australia
2205,Honda S800 '70,1970,Honda,S800,Sport Coupe Icons,Factory,Asia,Japan
2207,L. Jarama S '72,1972,Lamborghini,Jarama S,Vintage Exotic GT,Factory,Europe,Italy
2209,Mazda 323 '92,1992,Mazda,323 GT-R,Hot Hatch Icons,Factory,Asia,Japan
2226,Chev. #3 C7,2014,Chevrolet,#3 Corvette Racing Corvette C7.R,Forza GT2,Race,N. America,U.S.
2229,Dodge #93 Viper,2014,Dodge,#93 SRT Motorsports Viper GTS-R,Forza GT2,Race,N. America,U.S.
2235,Jag. XKR-S GT '15,2015,Jaguar,XKR-S GT,Modern Sport Touring,Factory,Europe,U.K.
2240,Mazda #70 B12/80,2014,Mazda,#70 SpeedSource Lola B12/80,Forza P2,Race,Asia,Japan
2255,Mazda MX-5 '90,1990,Mazda,MX-5 Miata,Early Sport Compact,Factory,Asia,Japan
2258,#1107 VW Bug,1970,Volkswagen,#1107 Desert Dingo Racing Stock Bug,Buggies,Race,Europe,Germany
2262,Cadillac ATS '16,2016,Cadillac,ATS-V,Modern Sport Touring,Factory,N. America,U.S.
2265,Honda RA300,1967,Honda,RA300,Formula 60s,Race,Asia,Japan
2266,#5 Lotus 77,1976,Lotus,#5 Team Lotus 77,Formula 70s,Race,Europe,U.K.
2267,Mazda MX-5 '16,2016,Mazda,MX-5,Modern Sport Compact,Factory,Asia,Japan
2268,Ferrari 250LM,1963,Ferrari,250LM,Vintage Le Mans Sportscars,Race,Europe,Italy
2269,Nissan #21 R382,1969,Nissan,#21 Nissan Racing R382,Prototype Group Racing,Race,Asia,Japan
2270,Nissan GT-R '73,1973,Nissan,Skyline H/T 2000GT-R,Vintage Sport Compact,Factory,Asia,Japan
2271,Audi #2 R18,2014,Audi,#2 Audi Team Joest R18 e-tron quattro,Forza P1,Race,Europe,Germany
2272,Datsun 2000,1969,Datsun,2000 Roadster,Sport Coupe Icons,Factory,Asia,Japan
2275,Eagle T1G,1967,Eagle-Weslake,T1G,Formula 60s,Race,N. America,U.S.
2289,911 Turbo '14,2014,Porsche,911 Turbo S,Modern Sport GT,Factory,Europe,Germany
2290,P. 918 Spyder 14,2014,Porsche,918 Spyder,Modern Exotic GT,Factory,Europe,Germany
2293,Porsche Cayman,2015,Porsche,Cayman GTS,Modern Sport Coupe,Factory,Europe,Germany
2298,,1978,Porsche,#43 Porsche Racing 935/78,GTX Sportscars,Race,Europe,Germany
2299,P. 356A S '57,1957,Porsche,356A Speedster,Sport Coupe Icons,Factory,Europe,Germany
2300,#16 BMW V12 LMR,1999,BMW,#16 BMW Motorsport V12 LMR,Early LMP,Livery,Europe,Germany
2302,Toyota #8 TS040,2014,Toyota,#8 Toyota Racing TS040 HYBRID,Forza P1,Race,Asia,Japan
2312,Lola #10 T163,1969,Lola,#10 Simoniz Special T163,Prototype Group Racing,Race,Europe,U.K.
2314,Ford #17Focus ST,2014,Ford,#17 AMD Tuning Focus ST BTCC,Forza Touring Cars,Race,N. America,U.S.
2315,Ferrari #72 BBLM,1982,Ferrari,#72 N.A.R.T. 512 BB/LM,GTX Sportscars,Race,Europe,Italy
2333,Mercury #15 XR-7,1990,Mercury,#15 Whistler Radar Cougar XR-7,GTX Sportscars,Race,N. America,U.S.
2334,Mazda #62 RX-7,1991,Mazda,#62 RX-7,GTX Sportscars,Race,Asia,Japan
2352,Acura NSX '17,2017,Acura,NSX,Modern Sport GT,Factory,N. America,U.S.
2357,Ford Focus '17,2017,Ford,Focus RS,Modern Hot Hatch,Factory,N. America,U.S.
2363,Ford GT '17,2017,Ford,GT,Modern Sport GT,Factory,N. America,U.S.
2368,Nissan #23 GTRLM,2015,Nissan,#23 GT-R LM NISMO,Forza P1,Race,Asia,Japan
2371,Ferrari FXX K,2014,Ferrari,FXX K,Modern Factory Racecars,Race,Europe,Italy
2379,#63 Lambo Super,2015,Lamborghini,#63 Squadra Corse Huracan LP620-2 Super Trofeo,Super Trofeo,Race,Europe,Italy
2400,Ford GT-350R '16,2016,Ford,Shelby GT-350R,Modern Sport Touring,Factory,N. America,U.S.
2401,Ferrari F-158,1964,Ferrari,F-158,Formula 60s,Race,Europe,Italy
2403,Bentley #17 C,2014,Bentley,#17 M-Sport Bentley Continental GT3,Forza GT3,Race,Europe,U.K.
2405,Lotus 340R,2000,Lotus,340R,Retro Sports Cars,Factory,Europe,U.K.
2409,Ford #02 DP,2015,Ford,#02 Chip Ganassi Racing Riley Mk XXVI Daytona Prototype,Forza P2,Race,N. America,U.S.
2412,BMW Isetta,1957,BMW,Isetta 300 Export,Cult Cars,Factory,Europe,Germany
2417,Holden Monaro 73,1973,Holden,HQ Monaro GTS 350,Vintage Muscle,Factory,Asia,Australia
2421,Cadillac CTS '16,2016,Cadillac,CTS-V Sedan,Sport Luxury,Factory,N. America,U.S.
2422,HSV Maloo,2014,HSV,Limited Edition Gen-F GTS Maloo,Modern Sport Touring,Factory,Europe,Australia
2423,Lola #6 T70,1969,Lola,#6 Sunoco T70 MkIIIB,Prototype Group Racing,Race,Europe,U.K.
2426,Alpine GTA '90,1990,Alpine,GTA Le Mans,Sport Touring Classics,Factory,Europe,France
2427,Vaux Corsa '16,2016,Vauxhall,Corsa VXR,Modern Hot Hatch,Factory,Europe,U.K.
2428,Lykan Hypersport,2016,W Motors,Lykan HyperSport,Hypercars,Factory,Europe,UAE
2430,Ariel Nomad,2016,Ariel,Nomad,Unlimited Buggies,Factory,Europe,U.K.
2431,BMW X6 M,2015,BMW,X6 M,Sports Utility Heroes,Factory,Europe,Germany
2434,Toyota #99 Eagle,1992,Toyota,#99 All American Racers Toyota Eagle MkIII,GTP/C,Race,Asia,Japan
2467,Ferrari 488 GTB,2015,Ferrari,488 GTB,Modern Sport GT,Factory,Europe,Italy
2468,Dodge Charger 15,2015,Dodge,Charger SRT Hellcat,Modern Sport Touring,Factory,N. America,U.S.
2469,Sports 800 '65,1965,Toyota,Sports 800,Classic Sports Cars,Factory,Asia,Japan
2470,AM Vulcan '16,2016,Aston Martin,Vulcan,Modern Factory Racecars,Race,Europe,U.K.
2471,AMG C 63 '16,2016,Mercedes-AMG,C 63 S Coupé,Modern Sport Touring,Factory,Europe,Germany
2473,Audi R8 '16,2016,Audi,R8 V10 plus,Modern Sport GT,Factory,Europe,Germany
2474,Zenvo ST1,2016,Zenvo,ST1,Hypercars,Factory,Europe,Denmark
2475,GTA Spano,2016,Spania GTA,GTA Spano,Modern Exotic GT,Factory,Europe,Spain
2477,BMW M2,2016,BMW,M2 Coupé,Super Saloons,Factory,Europe,Germany
2479,Aventador '16,2016,Lamborghini,Aventador Superveloce,Modern Exotic GT,Factory,Europe,Italy
2481,McL. P1 GTR '15,2015,McLaren,P1 GTR,Modern Factory Racecars,Race,Europe,U.K.
2482,#20 Bluebird,1984,Nissan,#20 Bluebird Super Silhouette,GTX Sportscars,Race,Asia,Japan
2483,Nissan #23 R91CP,1991,Nissan,#23 Nissan R91CP,GTP/C,Race,Asia,Japan
2485,Chev. #10 DP,2015,Chevrolet,#10 Konica Minolta Corvette Daytona Prototype,Forza P2,Race,N. America,U.S.
2486,Radical RXC '15,2015,Radical,RXC Turbo,Track Toys,Factory,Europe,U.K.
2488,Datsun #33 280ZX,1979,Datsun,#33 280ZX Turbo,GTX Sportscars,Race,Asia,Japan
2489,Abarth 695 '16,2016,Abarth,695 Biposto,Hot Hatch,Factory,Europe,Italy
2493,AM GT12 '15,2015,Aston Martin,Vantage GT12,Modern Sport GT,Factory,Europe,U.K.
2506,Mas. A6GCS,1953,Maserati,A6GCS/53 PininFarina Berlinetta,Vintage Le Mans Sportscars,Factory,Europe,Italy
2507,Chevy 150 Sedan,1955,Chevrolet,150 Utility Sedan,Rods and Customs,Factory,N. America,U.S.
2512,Nissan GT-R '87,1987,Nissan,Skyline GTS-R (HR31),Sport Touring Classics,Factory,Asia,Japan
2514,Ford Falcon '92,1992,Ford,Falcon GT,Sport Touring Classics,Factory,N. America,U.S.
2523,Chev. Camaro '16,2016,Chevrolet,Camaro Super Sport,Modern Sport Touring,Factory,N. America,U.S.
2527,AM DB11,2017,Aston Martin,DB11,Super GT,Factory,Europe,U.K.
2528,911 GT3 RS '16,2016,Porsche,911 GT3 RS,Modern Sport GT,Factory,Europe,Germany
2529,Porsche Cayman,2016,Porsche,Cayman GT4,Modern Sport Coupe,Factory,Europe,Germany
2532,P. 924 GTS '80,1980,Porsche,924 Carrera GTS,Sport Touring Classics,Factory,Europe,Germany
2534,P. 968 Turbo '93,1993,Porsche,968 Turbo S,Sport Touring Classics,Factory,Europe,Germany
2535,P. 928 GTS '93,1993,Porsche,928 GTS,Sport Touring Classics,Factory,Europe,Germany
2537,Porsche 718,1960,Porsche,718 RS 60,Vintage Le Mans Sportscars,Race,Europe,Germany
2538,Porsche #91 RSR,2015,Porsche,#91 Porsche Team Manthey 991 RSR,Forza GT2,Race,Europe,Germany
2541,Lotus 3-Eleven,2016,Lotus,3-Eleven,Track Toys,Factory,Europe,U.K.
2542,Alfa Giulia '17,2017,Alfa Romeo,Giulia Quadrifoglio,Modern Sport Touring,Factory,Europe,Italy
2543,Ford #66 GT,2016,Ford,#66 Ford Racing GT Le Mans,Forza GT2,Race,N. America,U.S.
2544,Dodge Viper '16,2016,Dodge,Viper ACR,Modern Sport GT,Factory,N. America,U.S.
2548,Porsche 935/78,1978,Porsche,#78 MOMO 935/78,GTX Sportscars,Race,Europe,Germany
2549,Porsche 917 LH,1970,Porsche,#3 917 LH,Vintage Le Mans Prototypes,Race,Europe,Germany
2551,,2014,Ford,FPV Limited Edition Pursuit Ute,Modern Sport Touring,Factory,N. America,U.S.
2552,Alumi Craft C.10,2015,Alumi Craft,Class 10 Race Car,Unlimited Buggies,Race,N. America,U.S.
2559,Jag. Mk II '59,1959,Jaguar,Mk II 3.8,Sport Coupe Icons,Race,Europe,U.K.
2566,Toyota FJ40,1979,Toyota,FJ40,Pickups & 4x4s,Factory,Asia,Japan
2568,VW Class 5 Bug,1969,Volkswagen,Class 5/1600 Baja Bug,Buggies,Factory,Europe,Germany
2569,Ultima Evo '15,2015,Ultima,Evolution Coupe 1020,Track Toys,Factory,Europe,U.K.
2574,M12S Warthog CST,2554,AMG Transport Dynamics,M12S Warthog CST,Unlimited Offroad,Fantasy,N. America,U.S.
2577,Ferrari F12 '15,2015,Ferrari,F12tdf,Modern Exotic GT,Factory,Europe,Italy
2580,Ford Falcon '15,2015,Ford,Falcon GT F 351,Modern Sport Touring,Factory,N. America,U.S.
2581,Chry. Valiant 72,1972,Chrysler,VH Valiant Charger R/T E49,Street Drag Racers,Factory,N. America,U.S.
2582,Holden GTSR '96,1996,HSV,GTSR,Sport Touring Classics,Factory,Asia,Australia
2584,Holden VK '85,1985,HDT,VK Commodore Group A,Sport Touring Classics,Factory,Europe,Australia
2585,,1972,Ford,Falcon XA GT-HO,Vintage Muscle,Factory,N. America,U.S.
2586,Volvo V60,2015,Volvo,V60 Polestar,Super Saloons,Factory,Europe,Sweden
2587,Holden VN '91,1991,Holden,HSV Commodore Group A SV,Sport Touring Classics,Factory,Europe,Australia
2614,Ford Mustang '68,1968,Ford,Mustang GT 2+2 Fastback,Vintage Muscle,Factory,N. America,U.S.
2616,L. Centenario 16,2016,Lamborghini,Centenario LP 770-4,Modern Exotic GT,Factory,Europe,Italy
2618,Nissan GT-R '17,2017,Nissan,GT-R (R35),Modern Sport GT,Factory,Asia,Japan
2624,Bugatti Chiron,2018,Bugatti,Chiron,Modern Hypercars,Factory,Europe,France
2625,Bentley Bentayga,2016,Bentley,Bentayga,Sports Utility Heroes,Factory,Europe,U.K.
2628,BMW M4 '16,2016,BMW,M4 GTS,Modern Sport Touring,Factory,Europe,Germany
2636,#1 Toyota Baja,1993,Toyota,#1 T100 Baja Truck,Unlimited Offroad,Race,Asia,Japan
2647,Pagani Huayra 16,2016,Pagani,Huayra BC,Modern Hypercars,Factory,Europe,Italy
2654,AMG GT R '17,2017,Mercedes-AMG,GT R,Modern Sport GT,Factory,Europe,Germany
2656,Toyota AT38,2007,Toyota,Hilux Arctic Trucks AT38,Pickups & 4x4s,Factory,Asia,Japan
2659,Nissan Silvia 98,1998,Nissan,Silvia K's Aero,Early Sport Compact,Factory,Asia,Japan
2665,Bentley C SS '17,2017,Bentley,Continental Supersports,Sport Luxury,Factory,Europe,U.K.
2739,Chev. Camaro '17,2017,Chevrolet,Camaro ZL1,Modern Sport Touring,Factory,N. America,U.S.
2740,Abarth 124 '17,2017,Abarth,124 Spider,Modern Sport Compact,Factory,Europe,Italy
2741,P. Panamera '17,2017,Porsche,Panamera Turbo,Sport Luxury,Factory,Europe,Germany
2743,Toyota AT37,2016,Toyota,Land Cruiser Arctic Trucks AT37,Pickups & 4x4s,Factory,Asia,Japan
2755,P. 911 GT2 RS 18,2018,Porsche,911 GT2 RS,Modern Sport GT,Factory,Europe,Germany
2760,Ford #17 Falcon,2017,Ford,#17 Shell V-Power Racing Team Falcon FG X,Forza AUS,Race,N. America,U.S.
2774,Porsche #2 919,2017,Porsche,#2 Porsche Team 919 Hybrid,Forza P1,Race,Europe,Germany
2775,Porsche #92 RSR,2017,Porsche,#92 Porsche GT Team 911 RSR,Forza GT2,Race,Europe,Germany
2776,Chev. #76 C3,1976,Chevrolet,#76 Greenwood Corvette,GTX Sportscars,Race,N. America,U.S.
2792,Ford GT40 Mk II,1966,Ford,#2 GT40 MkII Le Mans,Vintage Le Mans Prototypes,Race,N. America,U.S.
2793,Ferrari 330 P4,1967,Ferrari,#24 Ferrari Spa 330 P4,Vintage Le Mans Prototypes,Race,Europe,Italy
2794,P. 911 Turbo '93,1993,Porsche,911 Turbo S Leichtbau,Sport GT Icons,Factory,Europe,Germany
2796,Holden #22 VF,2017,Holden,#22 Walkinshaw Performance VF Commodore,Forza AUS,Race,Asia,Australia
2797,Nissan Altima R,2017,Nissan,Altima Racecar,Forza AUS,Race,Asia,Japan
2800,Jag. #44 XJR-15,1983,Jaguar,#44 Group 44 XJR-5,GTP/C,Race,Europe,U.K.
2801,#11 Skyline '84,1984,Nissan,#11 Tomica Skyline Turbo Super Silhouette,GTX Sportscars,Race,Asia,Japan
2817,Honda Prelude,2000,Honda,Prelude Type SH,Early Sport Compact,Factory,Asia,Japan
2823,Nissan R380 II,1967,Nissan,R380 II,Vintage Le Mans Sportscars,Factory,Asia,Japan
2824,BMW #24 M6,2017,BMW,#24 BMW Team RLL M6 GTLM,Forza GT2,Race,Europe,Germany
2826,Jag. #1 XJR-9,1988,Jaguar,#1 Jaguar Racing XJR-9,GTP/C,Race,Europe,U.K.
2840,Nis. #33 300ZX,1988,Nissan,#33 Bob Sharp Racing 300ZX,GTX Sportscars,Race,Asia,Japan
2844,Vuhl 05RR '17,2017,VUHL,05RR,Track Toys,Factory,N. America,Mexico
2846,McL. 720 '18,2018,McLaren,720S Coupe,Modern Sport GT,Factory,Europe,U.K.
2847,Chevrolet ZR2,2017,Chevrolet,Colorado ZR2,Pickups & 4x4s,Factory,N. America,U.S.
2852,Audi #1 RS 3 LMS,2018,Audi,#1 Audi Sport RS 3 LMS,Forza Touring Cars,Race,Europe,Germany
2859,Audi #17 TT RS,2016,Audi,#17 Rotek Racing TT RS,Forza GT4,Race,Europe,Germany
2860,AM #7 Vantage,2017,Aston Martin,#7 Aston Martin Racing V12 Vantage GT3,Forza GT3,Race,Europe,U.K.
2866,Exocet '18,2018,Exomotive,Exocet Sport V8 XP-5,Track Toys,Factory,N. America,U.S.
2868,Ford #6 Mustang,1982,Ford,#6 Zakspeed Roush Mustang IMSA GT,GTX Sportscars,Race,N. America,U.S.
2869,#23 Porsche 917,1971,Porsche,#23 917/20,Vintage Le Mans Prototypes,Race,Europe,Germany
2870,Honda Civic '18,2018,Honda,Civic Type R,Modern Hot Hatch,Factory,Asia,Japan
2871,Can-Am Maverick,2018,Can-Am,Maverick X RS Turbo R,UTV's,Factory,N. America,Canada
2872,Veloster N '19,2019,Hyundai,Veloster N,Modern Hot Hatch,Factory,Asia,Korea
2874,Nissan Sentra 18,2018,Nissan,Sentra NISMO,Modern Sport Compact,Factory,Asia,Japan
2875,MB #33 A45,2017,Mercedes-Benz,#33 Mac Tools Ciceley Motorsports A-Class (A45),Forza Touring Cars,Race,Europe,Germany
2909,D. Challenger 18,2018,Dodge,Challenger SRT Demon,Modern Sport Touring,Factory,N. America,U.S.
2910,Koe. Agera '17,2017,Koenigsegg,Agera RS,Modern Hypercars,Factory,Europe,Sweden
2967,Oreca #38 07,2017,Oreca,#38 Jackie Chan DC Racing Oreca 07,Forza P2,Race,Europe,France
2968,AM Valkyrie '23,2023,Aston Martin,Valkyrie,Modern Hypercars,Factory,Europe,U.K.
2972,Ferrari #62 488,2019,Ferrari,#62 Risi Competizione 488 GTE,Forza GT2,Race,Europe,Italy
2973,Alpine A110 '17,2017,Alpine,A110,Modern Sport Coupe,Factory,Europe,France
2974,Ferrari 812 '17,2017,Ferrari,812 Superfast,Modern Exotic GT,Factory,Europe,Italy
2976,4-1/2 Liter '31,1930,Bentley,Blower 4-1/2 Litre Supercharged,Vintage Racers,Factory,Europe,U.K.
2980,Ford GT40 Mk I,1964,Ford,GT40 Mk I,Vintage Le Mans Prototypes,Factory,N. America,U.S.
2981,Ford Escort '86,1986,Ford,Escort RS Turbo,Hot Hatch Icons,Factory,N. America,U.S.
2988,McL. Senna '18,2018,McLaren,Senna,Modern Hypercars,Factory,Europe,U.K.
2993,TVR Grifith '18,2018,TVR,Griffith,Modern Sport GT,Factory,Europe,U.K.
2993,TVR Speed 12,1998,TVR,Cerbera Speed 12,Retro Supercars,Factory,Europe,U.K.
2995,VW GTI Mk1 '83,1983,Volkswagen,Golf GTI,Hot Hatch Icons,Factory,Europe,Germany
2996,#13 Ford Mustang,2015,Formula Drift,#13 Ford Mustang,Formula Drift,Race,N. America,U.S.
2997,#530 HSV Maloo,2016,Formula Drift,#530 HSV Maloo Gen-F,Formula Drift,Race,N. America,U.S.
3000,FD #777 240SX,1997,Formula Drift,#777 Nissan 240SX,Formula Drift,Race,N. America,U.S.
3003,#43 Dodge Viper,2006,Formula Drift,#43 Dodge Viper SRT10,Formula Drift,Race,N. America,U.S.
3007,#34 VW Beetle,2017,Volkswagen,#34 Volkswagen Andretti Rallycross Beetle,Rally Monsters,Race,Europe,Germany
3018,Nissan #83 GTP,1985,Nissan,#83 GTP ZX-Turbo,GTP/C,Race,Asia,Japan
3019,Ferrari 166 IS,1948,Ferrari,166 Inter Sport,The Birth of Grand Prix,Race,Europe,Italy
3023,Porsche #11 956,1983,Porsche,#11 John Fitzpatrick Racing 956,GTP/C,Race,Europe,Germany
3024,AM DBS '67,1967,Aston Martin,DBS,Vintage Exotic GT,Factory,Europe,U.K.
3028,Merkur #11 XR4Ti,1986,Merkur,#11 MAC Tools XR4Ti,GTX Sportscars,Race,N. America,U.S.
3035,KTM X-Bow GT4,2018,KTM,X-Bow GT4,Forza GT4,Race,Europe,Austria
3046,Ford Mustang DD,2018,DeBerti,Ford Mustang GT,Modern Muscle,Tuner,N. America,U.S.
3046,Ford Mustang '18,2018,Ford,Mustang GT,Modern Sport Touring,Factory,N. America,U.S.
3062,Ferrari 512S,1970,Ferrari,512 S,Vintage Le Mans Prototypes,Race,Europe,Italy
3064,AMG GT Coupe '18,2018,Mercedes-AMG,GT 4-Door Coupé,Sport Luxury,Factory,Europe,Germany
3071,BMW M5 '18,2018,BMW,M5,Sport Luxury,Factory,Europe,Germany
3072,P. 911 GT3 RS 19,2019,Porsche,911 GT3 RS,Modern Sport GT,Factory,Europe,Germany
3073,BMW #1 M8,2018,BMW,#1 BMW M Motorsport M8 GTE,Forza GT2,Race,Europe,Germany
3079,Shelby Monaco KC,1963,Shelby,Monaco King Cobra,Vintage Le Mans Prototypes,Race,N. America,U.S.
3080,Matra #146 MS650,1970,Matra-Simca,#146 Equipe Matra-Simca MS650 Tour de France,Vintage Le Mans Prototypes,Race,Europe,France
3091,AM Vantage '19,2019,Aston Martin,Vantage,Modern Sport GT,Factory,Europe,U.K.
3094,Morgan Aero GT,2018,Morgan,Aero GT,Track Toys,Factory,Europe,U.K.
3112,Ferrari #25 488,2017,Ferrari,#25 Corse Clienti 488 Challenge,488 Challenge Spec,Race,Europe,Italy
3117,P. 718 GTS '18,2018,Porsche,718 Cayman GTS,Modern Sport Coupe,Factory,Europe,Germany
3118,Chev. C7 ZR1 '19,2019,Chevrolet,Corvette ZR1,Modern Sport GT,Factory,N. America,U.S.
3123,P. 911 CS '19,2019,Porsche,911 Carrera S,Modern Sport GT,Factory,Europe,Germany
3125,AM Vanquish '17,2017,Aston Martin,Vanquish Zagato Coupe,Modern Exotic GT,Factory,Europe,U.K.
3129,Ren. Megane '08,2008,Renault,Mégane R26.R,Modern Hot Hatch,Factory,Europe,France
3134,Ren. Megane '18,2018,Renault,Megane R.S.,Modern Hot Hatch,Factory,Europe,France
3140,Rimac Concept 2,2019,Rimac,Concept Two,Modern Hypercars,Factory,Europe,Croatia
3141,Apollo IE '18,2018,Apollo,Intensa Emozione,Modern Hypercars,Factory,Europe,Germany
3149,Chev. Camaro '18,2018,Chevrolet,Camaro ZL1 1LE,Modern Sport Touring,Factory,N. America,U.S.
3153,McL. 600 '18,2018,McLaren,600LT Coupé,Modern Sport GT,Factory,Europe,U.K.
3154,McL. Spider '19,2019,McLaren,720S Spider,Modern Sport GT,Factory,Europe,U.K.
3155,McL. SennaGTR 19,2019,McLaren,Senna GTR,Modern Factory Racecars,Race,Europe,U.K.
3157,McLaren #03 720S,2019,McLaren,#03 720S GT3,Forza GT3,Race,Europe,U.K.
3158,Ford #15 Mustang,1991,Ford,#15 Roush Racing Whistler Mustang,GTX Sportscars,Race,N. America,U.S.
3161,VW #22 Golf GTI,2018,Volkswagen,#22 Experion Racing Golf GTI,Forza Touring Cars,Race,Europe,Germany
3163,COPOP Camaro '18,2018,Chevrolet,Hot Wheels COPO Camaro,Track Toys,Race,N. America,U.S.
3168,Bugatti Divo,2019,Bugatti,Divo,Modern Hypercars,Factory,Europe,France
3172,Bentley Turbo R,1991,Bentley,Turbo R,Retro Saloons,Factory,Europe,U.K.
3173,BMW Z4 '19,2019,BMW,Z4 Roadster,Modern Sport Coupe,Factory,Europe,Germany
3181,Ford Mustang '86,1986,Ford,Mustang SVO,Sport Touring Classics,Factory,N. America,U.S.
3182,Ren. Clio '16,2016,Renault,Clio R.S. 16 Concept,Modern Hot Hatch,Factory,Europe,France
3185,AM DBS '19,2019,Aston Martin,DBS Superleggera,Modern Exotic GT,Factory,Europe,U.K.
3191,L. Espada '73,1973,Lamborghini,Espada 400 GT,Vintage Exotic GT,Factory,Europe,Italy
3195,ATS GT '18,2018,ATS,GT,Modern Supercars,Factory,Europe,Italy
3196,RAESR TS '19,2019,RAESR,Tachyon Speed,Modern Hypercars,Factory,N. America,U.S.
3197,M-AMG GT3,2018,Mercedes-AMG,GT3,Forza GT3,Race,Europe,Germany
3198,,1985,De Tomaso,Pantera GT5,Vintage Exotic GT,Factory,Europe,Italy
3211,AM Vulcan AMR 17,2017,Aston Martin,Vulcan AMR Pro,Modern Factory Racecars,Race,Europe,U.K.
3212,Zenvo TSR-S,2019,Zenvo,TSR-S,Modern Hypercars,Factory,Europe,Denmark
3214,Porsche #70 935,2019,Porsche,#70 Porsche Motorsport 935,Modern Factory Racecars,Race,Europe,Germany
3215,P. 911 S '19,2019,Porsche,911 Speedster,Modern Sport GT,Factory,Europe,Germany
3217,L. Huracán '18,2018,Lamborghini,Huracán Performante,Modern Sport GT,Factory,Europe,Italy
3218,Porsche #73 GT3,2018,Porsche,#73 Park Place Motorsports 911 GT3 R,Forza GT3,Race,Europe,Germany
3225,Ferrari Porto 18,2018,Ferrari,Portofino,Modern Exotic GT,Factory,Europe,Italy
3226,Ferrari J50 '17,2017,Ferrari,J50,Modern Exotic GT,Factory,Europe,Italy
3227,Ferrari 488,2019,Ferrari,488 Pista,Modern Sport GT,Factory,Europe,Italy
3228,Ford Puma '99,1999,Ford,Racing Puma,Early Sport Compact,Factory,N. America,U.S.
3229,Audi #44 R8 LMS,2018,Audi,#44 R8 LMS GT3,Forza GT3,Race,Europe,Germany
3231,#66 Astra,2017,Vauxhall,#66 Power Maxed TAG Racing Astra,Forza Touring Cars,Race,Europe,U.K.
3235,VW Pickup '82,1982,Volkswagen,Pickup LX,Vans & Utility,Factory,Europe,Germany
3239,L. #63 Huracán,2018,Lamborghini,#63 Squadra Corse Huracán Super Trofeo Evo,Super Trofeo,Race,Europe,Italy
3240,Acura #36 NSX,2018,Acura,#36 NSX GT3,Forza GT3,Race,N. America,U.S.
3241,Subaru ST ARX,2018,Subaru,WRX STI ARX Supercar,Rally Monsters,Race,Asia,Japan
3242,,2014,Cadillac,CTS-V Sport Wagon,Modern Sport Touring,Factory,N. America,U.S.
3243,Peugeot #7 308,2018,Peugeot,#7 DG Sport Compétition 308,Forza Touring Cars,Race,Europe,France
3244,,1964,Plymouth,Belvedere,Classic Muscle,Factory,N. America,U.S.
3250,M-AMG E 63 '18,2018,Mercedes-AMG,E 63 S,Sport Luxury,Factory,Europe,Germany
3251,Ford #98 Mustang,2018,Ford,#98 Breathless Pro Racing TA Mustang,Forza T/A,Race,N. America,U.S.
3252,,1987,Porsche,#203 Porsche AG 961,GTX Sportscars,Race,Europe,Germany
3256,Chev. #23 C7,2018,Chevrolet,#23 Ruman Racing TA Corvette,Forza T/A,Race,N. America,U.S.
3257,Nissan Pulsar 90,1990,Nissan,Pulsar GTi-R,Early Sport Compact,Factory,Asia,Japan
3264,Audi RS 5 '18,2018,Audi,RS 5 Coupe,Modern Sport Touring,Factory,Europe,Germany
3266,BRM #14 P201,1974,BRM,#14 Team Motul P201,Formula 70s,Race,Europe,U.K.
3268,Lotus Type 35,1965,Lotus,Team Lotus type 35,Formula 60s,Race,Europe,U.K.
3270,McLaren #4 M1B,1966,McLaren,#4 Bruce McLaren Motor Racing M1B,Prototype Group Racing,Race,Europe,U.K.
3272,SUBARU #1 Levorg,2018,SUBARU,#1 Adrian Flux SUBARU Racing Levorg GT,Forza Touring Cars,Race,Asia,Japan
3276,Saleen S1 '18,2018,Saleen,S1,Modern Sport GT,Factory,N. America,U.S.
3277,Ford GT500 '20,2020,Ford,Mustang Shelby GT500,Modern Sport Touring,Factory,N. America,U.S.
3278,Saleen S302,2018,Saleen,S302 Black Label,Modern Sport Touring,Factory,N. America,U.S.
3281,Cadillac #3 ATS,2015,Cadillac,#3 Cadillac Racing ATS-V.R,Forza GT3,Race,N. America,U.S.
3283,Cadillac #57 CTS,2018,Cadillac,#57 TA CTS-V,Forza T/A,Race,N. America,U.S.
3284,Exorcist '19,2019,Hennessey,Camaro Exorcist,Modern Exotic GT,Tuner,N. America,U.S.
3285,Brabham BT62 '19,2019,Brabham,BT62,Modern Factory Racecars,Race,Europe,U.K.
3286,Audi TT RS '18,2018,Audi,TT RS,Modern Sport Coupe,Factory,Europe,Germany
3287,Jag. XJR-15 '91,1991,Jaguar,Sport XJR-15,Exotic GT Classics,Factory,Europe,U.K.
3289,L. Aventador '18,2018,Lamborghini,Aventador SVJ,Modern Exotic GT,Factory,Europe,Italy
3292,Dodge #9 C,2019,Dodge,#9 American V8 Road Racing TA Challenger,Forza T/A,Race,N. America,U.S.
3293,Jag. XJ220S '93,1993,Jaguar,XJ220S TWR,Exotic GT Classics,Factory,Europe,U.K.
3298,,1981,Porsche,#1 Porsche System Engineering 924 GTP Le Mans,GTX Sportscars,Race,Europe,Germany
3301,Lotus #12 98T,1986,Lotus,#12 Team Lotus 98T,Grand Prix Rivals,Race,Europe,U.K.
3307,Nissan 370Z N 19,2019,Nissan,370Z Nismo,Modern Sport Coupe,Factory,Asia,Japan
3309,Lotus Type 40,1965,Lotus,#1 Team Lotus Type 40,Vintage Le Mans Prototypes,Race,Europe,U.K.
3310,Olds #75 Cutlass,1990,Oldsmobile,#75 Cutlass Supreme Trans Am,GTX Sportscars,Race,N. America,U.S.
3311,Ferrari FXX-K E,2018,Ferrari,FXX-K Evo,Modern Factory Racecars,Race,Europe,Italy
3312,Ferrari Monza 19,2019,Ferrari,Monza SP2,Modern Exotic GT,Factory,Europe,Italy
3315,Koe. Jesko '20,2020,Koenigsegg,Jesko,Modern Hypercars,Factory,Europe,Sweden
3316,Buick #6 Regal,1985,Buick,#6 Performance Motorsports Somerset Regal Trans-Am,GTX Sportscars,Race,N. America,U.S.
3318,Audi RS 4 '18,2018,Audi,RS 4 Avant,Modern Sport Touring,Factory,Europe,Germany
3320,DaVinci,2019,Italdesign,DaVinci Concept,GT Cars,Factory,Europe,Italy
3334,Elemental Rp1 19,2019,Elemental,RP1,Track Toys,Factory,Europe,U.K.
3338,Nissan #24 R88C,1988,Nissan,#24 Nissan Motorsports International R88C,GTP/C,Race,Asia,Japan
3359,Audi RS e-tron,2021,Audi,RS e-tron GT,Sport Luxury,Factory,Europe,Germany
3360,Battista '20,2020,Automobili Pininfarina,Battista,Modern Hypercars,Factory,Europe,Italy
3362,Nis. #23 Silvia,1983,Nissan,#23 Nissan Motorsports Silvia Super Silhouette,GTX Sportscars,Race,Asia,Japan
3363,Nis. #23 GT-R,1998,Nissan,#23 Pennzoil NISMO Skyline GT-R,GTX Sportscars,Race,Asia,Japan
3364,AM Valhalla '19,2019,Aston Martin,Valhalla Concept Car,Modern Hypercars,Factory,Europe,U.K.
3365,Ligier #11 JS P3,2016,Ligier,#11 Euro International JS P3,Forza P3,Race,Europe,France
3366,NIO EP9 '16,2016,NIO,EP9,Modern Hypercars,Factory,Asia,China
3367,Ferrari F8 T '19,2019,Ferrari,F8 Tributo,Modern Exotic GT,Factory,Europe,Italy
3369,Chev. C8 '20,2020,Chevrolet,Corvette Stingray Coupe,Modern Sport GT,Factory,N. America,U.S.
3371,L. Huracán E '20,2020,Lamborghini,Huracán EVO,Modern Sport GT,Factory,Europe,Italy
3373,Toyota 4Runner,2019,Toyota,4Runner TRD Pro,Pickups & 4x4s,Factory,Asia,Japan
3374,Toyota Tacoma,2019,Toyota,Tacoma TRD Pro,Pickups & 4x4s,Factory,Asia,Japan
3392,,2001,Formula Drift,#215 Nissan Silvia Spec-R,Formula Drift,Race,N. America,U.S.
3395,Ren. 8 G '67,1967,Renault,8 Gordini,Vintage Sport Compact,Factory,Europe,France
3402,Toyota Supra '20,2020,Toyota,GR Supra,Modern Sport Coupe,Factory,Asia,Japan
3403,Renault #15 RS01,1977,Renault,#15 Equipe Renault Elf R.S. 01,Formula 70s,Race,Europe,France
3411,,1995,Formula Drift,#34 Toyota Supra MKIV,Formula Drift,Race,N. America,U.S.
3412,SUBARU STI '19,2019,SUBARU,STI S209,Modern Sport Compact,Factory,Asia,Japan
3413,VW Golf R '21,2021,Volkswagen,Golf R,Modern Hot Hatch,Factory,Europe,Germany
3418,Toyota 86 '19,2019,Toyota,86 TRD SE,Modern Sport Compact,Factory,Asia,Japan
3419,Toyota Tundra,2020,Toyota,Tundra TRD Pro,Pickups & 4x4s,Factory,Asia,Japan
3420,Acura #6 ARX-05,2020,Acura,#6 ARX-05 DPi,Forza Proto-H,Race,N. America,U.S.
3427,Ginetta G55 GT4,2019,Ginetta,G55 GT4,Forza GT4,Race,Europe,U.K.
3429,Ginetta G40 Jr,2019,Ginetta,G40 Junior,G40 Junior Spec,Race,Europe,U.K.
3434,BMW M2 '20,2020,BMW,M2 Competition Coupé,Modern Sport Coupe,Factory,Europe,Germany
3435,Chev #77 Beretta,1988,Chevrolet,#77 Beretta Trans Am,GTX Sportscars,Race,N. America,U.S.
3436,Ford #15 Mustang,1970,Ford,#15 Mustang Boss 302 Trans Am,Vintage Trans Am,Race,N. America,U.S.
3437,McL. GT '20,2020,McLaren,GT,Modern Exotic GT,Factory,Europe,U.K.
3438,,1961,DeBerti,Ford Econoline 'Shop Rod',Rods and Customs,Tuner,N. America,U.S.
3439,DeBerti F-250,2019,DeBerti,Ford Super Duty F-250 Lariat 'Transformer',Unlimited Offroad,Tuner,N. America,U.S.
3445,P. Taycan '20,2020,Porsche,Taycan Turbo S,Sport Luxury,Factory,Europe,Germany
3449,Lotus Evija '20,2020,Lotus,Evija,Modern Exotic GT,Factory,Europe,U.K.
3453,Audi TT RS '20,2020,Audi,TT RS Coupe,Modern Sport Coupe,Factory,Europe,Germany
3454,Audi RS 3 '20,2020,Audi,RS 3 Sedan,Modern Sport Coupe,Factory,Europe,Germany
3457,Lexus #14 RC F,2020,Lexus,#14 VASSER SULLIVAN RC F GT3,Forza GT3,Race,N. America,U.S.
3460,Ginetta #6 G60,2019,Ginetta,#6 Team LNT Ginetta G60-LT-P1,Forza P1,Race,Europe,U.K.
3477,,2020,Chevrolet,Silverado LT Trail Boss,Pickups & 4x4s,Factory,N. America,U.S.
3482,McL. 765 '21,2021,McLaren,765LT Coupe,Modern Sport GT,Factory,Europe,U.K.
3490,Chev. #3 C8,2020,Chevrolet,#3 Corvette Racing C8.R,Forza GT2,Race,N. America,U.S.
3492,KTM X-Bow GT2,2020,KTM,X-Bow GT2,Modern Factory Racecars,Race,Europe,Austria
3497,Nissan #23 R391,1999,Nissan,#23 NISMO Clarion R391,Early LMP,Race,Asia,Japan
3498,Saleen S7 LM,2017,Saleen,S7 LM,Modern Exotic GT,Factory,N. America,U.S.
3499,Sportruck XR,2020,Saleen,Sportruck XR Black Label,Pickups & 4x4s,Factory,N. America,U.S.
3506,#1 Porsche 911,1974,Porsche,#1 911 RSR,GTX Sportscars,Race,Europe,Germany
3517,Brabham BT8,1964,Brabham,BT8,Vintage Le Mans Sportscars,Race,Europe,U.K.
3518,BMW M8 '20,2020,BMW,M8 Competition Coupé,Sport Luxury,Factory,Europe,Germany
3520,Lexus LC 500 '21,2021,Lexus,LC 500,Sport Luxury,Factory,N. America,U.S.
3521,,1984,Toyota,#25 Horsepower Techs Starlet Time Attack,Forza Specials,Race,Asia,Japan
3523,FD #151 GR Supra,2020,Formula Drift,#151 Toyota GR Supra,Formula Drift,Race,N. America,U.S.
3529,Datsun 280Z,1975,Forsberg Racing,"Nissan ""Gold Leader"" Datsun 280Z",Formula Drift,Race,N. America,U.S.
3530,Altimaniac,2021,Forsberg Racing,Nissan 'Altimaniac',Drift Cars,Race,N. America,U.S.
3532,#98 Veloster,2020,Hyundai,#98 Bryan Herta Autosport Veloster N,Forza Touring Cars,Race,Asia,Korea
3533,VW Golf R '22,2022,Volkswagen,Golf R,Modern Hot Hatch,Factory,Europe,Germany
3534,MINI JCW GP '21,2021,MINI,John Cooper Works GP,Modern Hot Hatch,Factory,Europe,U.K.
3537,MG #20 MG6,2020,MG,#20 MG6 XPower,Forza Touring Cars,Race,Europe,U.K.
3541,Chevron B16,1964,Chevron,B16,Vintage Le Mans Prototypes,Race,Europe,U.K.
3543,Pagani Huayra 22,2022,Pagani,Huayra R,Modern Factory Racecars,Race,Europe,Italy
3545,Honda #73 Civic,2020,Honda,#73 LA Honda World Racing Civic,Forza Touring Cars,Race,Asia,Japan
3546,Lexus RC F T '20,2020,Lexus,RC F Track Edition,Modern Sport Coupe,Factory,N. America,U.S.
3547,Xpeng P7 '20,2020,Xpeng,P7,Modern Sport Touring,Factory,Asia,China
3548,Wuling Sunshine,2013,Wuling,Sunshine S,Vans & Utility,Factory,Asia,China
3549,#122 AC Class 1,2021,Alumi Craft,#122 Class 1 Buggy,Unlimited Buggies,Race,N. America,U.S.
3551,#91 BMW M2,2020,Formula Drift,#91 BMW M2,Formula Drift,Race,N. America,U.S.
3552,Lynk #62 03,2020,Lynk & Co,#62 Cyan Racing 03,Forza Touring Cars,Race,Asia,China
3554,,2005,Mitsubishi,#1 Sierra Sierra Enterprises Lancer Evolution Time Attack,Forza Specials,Race,Asia,Japan
3556,BMW X5M FE,2011,BMW,X5 M Forza Edition,Extreme Track Toys,Upgraded,Europe,Germany
3559,Corvette '53 FE,1953,Chevrolet,Corvette Forza Edition,Classic Racers,Upgraded,N. America,U.S.
3580,AM DBX '21,2021,Aston Martin,DBX,Sports Utility Heroes,Factory,Europe,U.K.
3583,Audi RS 6 '21,2021,Audi,RS 6 Avant,Sport Luxury,Factory,Europe,Germany
3584,Audi RS 7 '21,2021,Audi,RS 7 Sportback,Sport Luxury,Factory,Europe,Germany
3590,Chevy K10 '72,1972,Chevrolet,K10 Custom,Pickups & 4x4s,Factory,N. America,U.S.
3594,Ferrari Roma '20,2020,Ferrari,Roma,Modern Exotic GT,Factory,Europe,Italy
3595,Ferrari SF90 '20,2020,Ferrari,SF90 Stradale,Modern Exotic GT,Factory,Europe,Italy
3597,Ford F-150 '86,1986,Ford,F-150 XLT Lariat,Pickups & 4x4s,Factory,N. America,U.S.
3599,GMA T.50,2022,Gordon Murray Automotive,T.50,Modern Exotic GT,Factory,Europe,U.K.
3603,#4402 Ultra 4,2019,Casey Currie Motorsports,#4402 Ultra 4 'Trophy Jeep',Unlimited Offroad,Race,N. America,U.S.
3606,L. Essenza SCV12,2020,Lamborghini,Essenza SCV12,Modern Factory Racecars,Factory,Europe,Italy
3616,M-AMG GT '20,2020,Mercedes-AMG,GT Black Series,Modern Sport GT,Factory,Europe,Germany
3620,Nissan Z '23,2023,Nissan,Z,Modern Sport Coupe,Factory,Asia,Japan
3622,Nissan GT-R N 20,2020,Nissan,GT-R NISMO (R35),Modern Sport GT,Factory,Asia,Japan
3625,Rimac Nevera '21,2021,Rimac,Nevera,Modern Hypercars,Factory,Europe,Croatia
3629,,2021,Toyota,GR Yaris,Modern Hot Hatch,Factory,Asia,Japan
3631,AM AMR Pro '22,2022,Aston Martin,Valkyrie AMR Pro,Modern Factory Racecars,Race,Europe,U.K.
3633,L. Sián '19,2019,Lamborghini,Sián FKP 37,Modern Hypercars,Factory,Europe,Italy
3644,BMW M3 '21,2021,BMW,M3 Competition Sedan,Modern Sport Touring,Factory,Europe,Germany
3645,BMW M4 '21,2021,BMW,M4 Competition Coupé,Modern Sport Touring,Factory,Europe,Germany
3650,M-AMG ONE '21,2021,Mercedes-AMG,Mercedes-AMG ONE,Modern Hypercars,Factory,Europe,Germany
3652,,2020,Oreca,#38 Performance Tech Motorsports Oreca 07,Forza P2,Race,Europe,France
3655,McL. 620 '21,2021,McLaren,620R,Modern Sport GT,Factory,Europe,U.K.
3657,Rivian R1T,2022,Rivian,R1T,Pickups & 4x4s,Factory,N. America,U.S.
3658,Rivian R1S,2022,Rivian,R1S,Sports Utility Heroes,Factory,N. America,U.S.
3662,#37 Pro 4 Truck,2021,RJ Anderson,#37 Polaris RZR Pro 4 Truck,Unlimited Offroad,Race,N. America,U.S.
3667,P. 911 GT3 '21,2021,Porsche,911 GT3,Modern Sport GT,Factory,Europe,Germany
3668,McL. Artura '23,2023,McLaren,Artura,Modern Exotic GT,Factory,Europe,U.K.
3669,Cadillac #31 Dpi,2021,Cadillac,#31 Whelen Racing DPi-V.R,Forza Proto-H,Race,N. America,U.S.
3672,L. Huracán S '20,2020,Lamborghini,Huracán STO,Modern Sport GT,Factory,Europe,Italy
3673,Lambo SC20,2020,Lamborghini,SC20,Hypercars,Factory,Europe,Italy
3676,#98 Elantra,2021,Hyundai,#98 Bryan Herta Autosport Elantra N,Forza Touring Cars,Race,Asia,Korea
3677,Lynk 03 '21,2021,Lynk & Co,03+,Modern Sport Compact,Factory,Asia,China
3678,,2020,Hyundai,i30 N,Modern Hot Hatch,Factory,Asia,Korea
3681,Supra '98 WP,1998,Toyota,Supra RZ 'Welcome Pack',Retro Sports Cars,Upgraded,Asia,Japan
3682,Apollo IE WP,2018,Apollo,Intensa Emozione 'Welcome Pack',Extreme Track Toys,Upgraded,Europe,Germany
3686,RZR Racing,2021,Polaris,RZR Pro XP Factory Racing Limited Edition,UTV's,Race,N. America,U.S.
3689,MG MG6 '21,2021,MG,MG6 XPower,Modern Sport Touring,Factory,Europe,U.K.
3693,#6165 Truck,2022,Alumi Craft,#6165 Trick Truck,Unlimited Offroad,Race,N. America,U.S.
3696,Shelby GT500 '67,1967,Shelby,GT 500,Vintage Muscle,Factory,N. America,U.S.
3698,Porsche MissionR,2021,Porsche,Mission R,Mission R Spec,Race,Europe,Germany
3700,McL. Sabre '21,2021,McLaren,Sabre,Modern Hypercars,Factory,Europe,U.K.
3706,HW Trans Am,1970,Hot Wheels,Pontiac Firebird Trans Am Custom,Track Toys,Tuner,N. America,U.S.
3716,Lotus Emira '23,2023,Lotus,Emira,Modern Sport GT,Factory,Europe,U.K.
3719,Cadillac CT4 '22,2022,Cadillac,CT4-V Blackwing,Modern Sport Touring,Factory,N. America,U.S.
3720,Cadillac CT5 '22,2022,Cadillac,CT5-V Blackwing,Modern Sport Touring,Factory,N. America,U.S.
3722,HUMMER EV Truck,2022,GMC,HUMMER EV Pickup,Pickups & 4x4s,Factory,N. America,U.S.
3724,Ferrari 296 GTB,2022,Ferrari,296 GTB,Modern Sport GT,Factory,Europe,Italy
3734,BMW i4 '22,2022,BMW,i4 eDrive40,Super Saloons,Factory,Europe,Germany
3735,SUBARU BRZ '22,2022,SUBARU,BRZ,Modern Sport Compact,Factory,Asia,Japan
3736,,2022,Ford,Bronco Raptor,Pickups & 4x4s,Factory,N. America,U.S.
3737,BMW iX '22,2022,BMW,iX xDrive50,Sports Utility Heroes,Factory,Europe,Germany
3741,#51 Nissan 240SX,1996,Formula Drift,#51 Donut Media Nissan 240SX,Drift Cars,Race,N. America,U.S.
3742,350Z Hi Car,2003,Nissan,Donut Media 350Z 'Hi Car',Track Toys,Tuner,N. America,U.S.
3743,350Z Low Car,2004,Nissan,Donut Media 350Z 'Low Car',Track Toys,Tuner,N. America,U.S.
3744,#64 Nissan Z,2023,Formula Drift,#64 Forsberg Racing Nissan Z,Drift Cars,Race,N. America,U.S.
3745,Audi R8 '20,2020,Audi,R8 V10 performance,Modern Sport GT,Factory,Europe,Germany
3746,Formentor '22,2022,CUPRA,Formentor VZ5,Sports Utility Heroes,Factory,Europe,Spain
3747,Tavascan '22,2022,CUPRA,Tavascan Concept,Sports Utility Heroes,Factory,Europe,Spain
3753,Huracán Tecnica,2023,Lamborghini,Huracán Tecnica,Modern Supercars,Factory,Europe,Italy
3757,,2024,Czinger,21C,Extreme Track Toys,Factory,N. America,U.S.
3759,Huracán Spyder,2022,Lamborghini,Huracán EVO Spyder,Modern Sport GT,Factory,Europe,Italy
3760,P. 718 GT4 '22,2022,Porsche,718 Cayman GT4 RS,Modern Sport Coupe,Factory,Europe,Germany
3761,Toyota GR86 '22,2022,Toyota,GR86,Modern Sport Compact,Factory,Asia,Japan
3762,#97 Vantage GTE,2018,Aston Martin,#97 AMR Vantage GTE,Forza GT2,Race,Europe,U.K.
3763,BMW M2 '23,2023,BMW,M2,Modern Sport Coupe,Factory,Europe,Germany
3766,Chev. C8 Z06 '23,2023,Chevrolet,Corvette Z06,Modern Sport GT,Factory,N. America,U.S.
3767,,2022,Acura,NSX Type S,Modern Sport GT,Factory,N. America,U.S.
3771,Chev. E-Ray '24,2024,Chevrolet,Corvette E-Ray,Modern Sport GT,Factory,N. America,U.S.
3774,,2021,Lamborghini,Countach LPI 800-4,Modern Hypercars,Factory,Europe,Italy
3781,,2023,Porsche,911 GT3 RS,Modern Sport GT,Factory,Europe,Germany
3792,Cadillac #31 LM,2023,Cadillac,#31 Whelen Engineering Cadillac Racing V-Series.R,Forza Proto-H,Livery,N. America,U.S.
3795,,2023,Meyers,Manx 2.0,Buggies,Factory,N. America,U.S.
3798,Mazda MX-5 C '17,2017,Mazda,MX-5 Cup,Forza Specials,Race,Asia,Japan
3800,Chev. C8 FE '20,2020,Chevrolet,Corvette Stingray Coupe Forza Edition,Modern Sport GT,Upgraded,N. America,U.S.
3801,Chev. Camaro FE,2018,Chevrolet,Camaro ZL1 1LE Forza Edition,Modern Sport Touring,Upgraded,N. America,U.S.
3802,Veloster FE '19,2019,Hyundai,Veloster N Forza Edition,Modern Hot Hatch,Upgraded,Asia,Korea
3803,M-AMG C 63 FE,2016,Mercedes-AMG,C 63 S Coupé Forza Edition,Modern Sport Touring,Upgraded,Europe,Germany
3804,SUBARU STI FE,2019,SUBARU,STI S209 Forza Edition,Modern Sport Compact,Upgraded,Asia,Japan
3807,Porsche 911 FE,2018,Porsche,911 GT2 RS Forza Edition,Modern Sport GT,Upgraded,Europe,Germany
3808,Barbie Corvette,1956,Chevrolet,Barbie Movie' Corvette EV,Rods and Customs,Tuner,N. America,U.S.
3809,Barbie HUMMER EV,2022,GMC,Barbie Movie' HUMMER EV PICKUP,Pickups & 4x4s,Livery,N. America,U.S.
3810,,2010,Nissan,Tsuru,Retro Saloons,Factory,Asia,Japan
3811,,2023,Lucid,Air Sapphire,Super Saloons,Factory,N. America,U.S.
3823,,2022,Mazda,MX-5 Miata RF,Modern Sport Compact,Factory,Asia,Japan
3827,,2023,Hyundai,IONIQ 5 N,Modern Hot Hatch,Factory,Asia,Korea
3832,FAF 240Z,1973,Fast and Furious,Datsun 240Z 'Fast X',Classic Sports Cars,Tuner,N. America,U.S.
3835,FAF Impala,1966,Fast and Furious,Chevrolet Impala Super Sport 'Fast X',Track Toys,Tuner,N. America,U.S.
3836,FAF Hellcat,2022,Fast and Furious,Dodge Charger SRT Hellcat Redeye Widebody 'Fast X',Modern Muscle,Tuner,N. America,U.S.
3837,FAF Charger,1970,Fast and Furious,Dodge Charger 'Fast X',Classic Muscle,Tuner,N. America,U.S.
3838,FAF Flip Car,2022,Fast and Furious,Flip Car 2.0 'Fast X',Track Toys,Tuner,N. America,U.S.
3846,Ford Mustang '24,2024,Ford,Mustang GT,Modern Sport Touring,Factory,N. America,U.S.
3847,Ford Dark Horse,2024,Ford,Mustang Dark Horse,Modern Sport Touring,Factory,N. America,U.S.
3847,NASCAR Mustang,2024,Ford,NASCAR Next Gen Mustang Dark Horse,NASCAR,Race,N. America,U.S.
3848,Toyota Camry '23,2023,Toyota,Camry TRD,Modern Sport Compact,Factory,Asia,Japan
3862,Elantra N '22,2022,Hyundai,Elantra N,Modern Sport Compact,Factory,Asia,Korea
3866,Cadillac #01 LM,2023,Cadillac,#01 Cadillac Racing V-Series.R,Forza Proto-H,Race,N. America,U.S.
3867,Cadillac #2 LM,2023,Cadillac,#2 Cadillac Racing V-Series.R,Forza Proto-H,Livery,N. America,U.S.
3868,#88 Mustang RTR,2024,Ford,#88 Mustang RTR,Formula Drift,Livery,N. America,U.S.
3870,#25 Mustang RTR,2024,Ford,#25 Mustang RTR,Formula Drift,Race,N. America,U.S.
3874,,2024,Lamborghini,SC63,Forza Proto-H,Factory,Europe,Italy
3876,#5 Porsche 963,2024,Porsche,#5 Porsche Penske Motorsport 963,Forza Proto-H,Race,Europe,Germany
3886,Mit. Evo III '95,1995,Mitsubishi,Lancer Evolution III GSR,Early Sport Compact,Factory,Asia,Japan
3888,#1 3.0 CSL '76,1976,BMW,#1 BMW 3.0 CSL,GTX Sportscars,Livery,Europe,Germany
3891,,2024,Lamborghini,Revuelto,Modern Exotic GT,Factory,Europe,Italy
3906,,2020,Lotus,Evora GT430,Modern Sport Coupe,Factory,Europe,U.K.
3913,#25 M Hybrid '23,2023,BMW,#25 BMW Team RLL M Hybrid V8,Forza Proto-H,Race,Europe,Germany
3915,,1997,Toyota,Mark II Tourer V JXZ100,Sport Touring Classics,Factory,Asia,Japan
3916,#130 Mustang RTR,2024,Ford,#130 Mustang RTR,Formula Drift,Race,N. America,U.S.
3919,#96 BMW M4 GT3,2023,BMW,#96 Turner Motorsports M4 GT3,Forza GT3,Race,Europe,Germany
3921,,2024,Nissan,Z NISMO,Modern Sport Coupe,Factory,Asia,Japan
3928,Hyundai i20 N,2021,Hyundai,i20 N,Modern Hot Hatch,Factory,Asia,Korea
3951,,2023,Porsche,911 GT3 R,Forza GT3,Race,Europe,Germany
3953,,2023,Porsche,911 Turbo S,Modern Sport GT,Factory,Europe,Germany
3972,Camaro JL3,1969,Chevrolet,Camaro Jordan Luka 3 Motorsport Edition,Vintage Muscle,Tuner,N. America,U.S.
3993,NASCAR Camry,2024,Toyota,NASCAR Next Gen Camry XSE,NASCAR,Race,Asia,Japan
3994,NASCAR Camaro,2024,Chevrolet,NASCAR Next Gen Camaro ZL1,NASCAR,Race,N. America,U.S.
4026,,2024,Ford,Mustang GT3,Forza GT3,Race,N. America,U.S.
9007,Supervan 3 DME,1994,Ford,Supervan 3 'Donut Media Edition',Track Toys,Tuner,N. America,U.S.
